model_id,scenario_id,metric,estimand,estimate,base_pairs,seed_clusters
deepseek-v4-flash,synthetic_calm_trend_c0_v0_3,total_return,execution_within_I0,-0.016532407595900005,30,10
deepseek-v4-flash,synthetic_calm_trend_c0_v0_3,total_return,execution_within_I1,-0.015039716692933334,30,10
deepseek-v4-flash,synthetic_calm_trend_c0_v0_3,total_return,response_origin_within_X0,0.004575764492200002,30,10
deepseek-v4-flash,synthetic_calm_trend_c0_v0_3,total_return,response_origin_within_X1,0.006068455395166673,30,10
deepseek-v4-flash,synthetic_calm_trend_c0_v0_3,total_return,interaction,0.0014926909029666729,30,10
deepseek-v4-flash,synthetic_calm_trend_c0_v0_3,total_return,execution_shapley,-0.01578606214441667,30,10
deepseek-v4-flash,synthetic_calm_trend_c0_v0_3,total_return,response_origin_shapley,0.005322109943683337,30,10
deepseek-v4-flash,synthetic_calm_trend_c0_v0_3,total_return,observed_diagonal,-0.010463952200733331,30,10
deepseek-v4-flash,synthetic_calm_trend_c0_v0_3,sharpe,execution_within_I0,-6.629868757016833,30,10
deepseek-v4-flash,synthetic_calm_trend_c0_v0_3,sharpe,execution_within_I1,-5.0722347311414,30,10
deepseek-v4-flash,synthetic_calm_trend_c0_v0_3,sharpe,response_origin_within_X0,0.17625754493900042,30,10
deepseek-v4-flash,synthetic_calm_trend_c0_v0_3,sharpe,response_origin_within_X1,1.7338915708144336,30,10
deepseek-v4-flash,synthetic_calm_trend_c0_v0_3,sharpe,interaction,1.5576340258754338,30,10
deepseek-v4-flash,synthetic_calm_trend_c0_v0_3,sharpe,execution_shapley,-5.8510517440791165,30,10
deepseek-v4-flash,synthetic_calm_trend_c0_v0_3,sharpe,response_origin_shapley,0.955074557876717,30,10
deepseek-v4-flash,synthetic_calm_trend_c0_v0_3,sharpe,observed_diagonal,-4.8959771862023995,30,10
deepseek-v4-flash,synthetic_high_volatility_c0_v0_3,total_return,execution_within_I0,-0.006563598070233339,30,10
deepseek-v4-flash,synthetic_high_volatility_c0_v0_3,total_return,execution_within_I1,-0.024926687429,30,10
deepseek-v4-flash,synthetic_high_volatility_c0_v0_3,total_return,response_origin_within_X0,0.015669405305833328,30,10
deepseek-v4-flash,synthetic_high_volatility_c0_v0_3,total_return,response_origin_within_X1,-0.002693684052933332,30,10
deepseek-v4-flash,synthetic_high_volatility_c0_v0_3,total_return,interaction,-0.01836308935876666,30,10
deepseek-v4-flash,synthetic_high_volatility_c0_v0_3,total_return,execution_shapley,-0.01574514274961667,30,10
deepseek-v4-flash,synthetic_high_volatility_c0_v0_3,total_return,response_origin_shapley,0.006487860626449998,30,10
deepseek-v4-flash,synthetic_high_volatility_c0_v0_3,total_return,observed_diagonal,-0.009257282123166672,30,10
deepseek-v4-flash,synthetic_high_volatility_c0_v0_3,sharpe,execution_within_I0,-2.0934641343537668,30,10
deepseek-v4-flash,synthetic_high_volatility_c0_v0_3,sharpe,execution_within_I1,-2.405014406459667,30,10
deepseek-v4-flash,synthetic_high_volatility_c0_v0_3,sharpe,response_origin_within_X0,1.4298625776798999,30,10
deepseek-v4-flash,synthetic_high_volatility_c0_v0_3,sharpe,response_origin_within_X1,1.1183123055739999,30,10
deepseek-v4-flash,synthetic_high_volatility_c0_v0_3,sharpe,interaction,-0.31155027210590014,30,10
deepseek-v4-flash,synthetic_high_volatility_c0_v0_3,sharpe,execution_shapley,-2.249239270406717,30,10
deepseek-v4-flash,synthetic_high_volatility_c0_v0_3,sharpe,response_origin_shapley,1.2740874416269499,30,10
deepseek-v4-flash,synthetic_high_volatility_c0_v0_3,sharpe,observed_diagonal,-0.9751518287797668,30,10
deepseek-v4-flash,synthetic_jump_tail_c0_v0_3,total_return,execution_within_I0,-0.043933640266133334,30,10
deepseek-v4-flash,synthetic_jump_tail_c0_v0_3,total_return,execution_within_I1,-0.04572803856153334,30,10
deepseek-v4-flash,synthetic_jump_tail_c0_v0_3,total_return,response_origin_within_X0,0.0630089898533,30,10
deepseek-v4-flash,synthetic_jump_tail_c0_v0_3,total_return,response_origin_within_X1,0.0612145915579,30,10
deepseek-v4-flash,synthetic_jump_tail_c0_v0_3,total_return,interaction,-0.0017943982954000005,30,10
deepseek-v4-flash,synthetic_jump_tail_c0_v0_3,total_return,execution_shapley,-0.04483083941383333,30,10
deepseek-v4-flash,synthetic_jump_tail_c0_v0_3,total_return,response_origin_shapley,0.0621117907056,30,10
deepseek-v4-flash,synthetic_jump_tail_c0_v0_3,total_return,observed_diagonal,0.017280951291766662,30,10
deepseek-v4-flash,synthetic_jump_tail_c0_v0_3,sharpe,execution_within_I0,-2.032341112855567,30,10
deepseek-v4-flash,synthetic_jump_tail_c0_v0_3,sharpe,execution_within_I1,-1.7640040537349,30,10
deepseek-v4-flash,synthetic_jump_tail_c0_v0_3,sharpe,response_origin_within_X0,1.0823761746852667,30,10
deepseek-v4-flash,synthetic_jump_tail_c0_v0_3,sharpe,response_origin_within_X1,1.3507132338059333,30,10
deepseek-v4-flash,synthetic_jump_tail_c0_v0_3,sharpe,interaction,0.26833705912066674,30,10
deepseek-v4-flash,synthetic_jump_tail_c0_v0_3,sharpe,execution_shapley,-1.8981725832952334,30,10
deepseek-v4-flash,synthetic_jump_tail_c0_v0_3,sharpe,response_origin_shapley,1.2165447042456,30,10
deepseek-v4-flash,synthetic_jump_tail_c0_v0_3,sharpe,observed_diagonal,-0.6816278790496334,30,10
deepseek-v4-pro,synthetic_calm_trend_c0_v0_3,total_return,execution_within_I0,0.0,30,10
deepseek-v4-pro,synthetic_calm_trend_c0_v0_3,total_return,execution_within_I1,0.0,30,10
deepseek-v4-pro,synthetic_calm_trend_c0_v0_3,total_return,response_origin_within_X0,0.0,30,10
deepseek-v4-pro,synthetic_calm_trend_c0_v0_3,total_return,response_origin_within_X1,0.0,30,10
deepseek-v4-pro,synthetic_calm_trend_c0_v0_3,total_return,interaction,0.0,30,10
deepseek-v4-pro,synthetic_calm_trend_c0_v0_3,total_return,execution_shapley,0.0,30,10
deepseek-v4-pro,synthetic_calm_trend_c0_v0_3,total_return,response_origin_shapley,0.0,30,10
deepseek-v4-pro,synthetic_calm_trend_c0_v0_3,total_return,observed_diagonal,0.0,30,10
deepseek-v4-pro,synthetic_calm_trend_c0_v0_3,sharpe,execution_within_I0,0.0,30,10
deepseek-v4-pro,synthetic_calm_trend_c0_v0_3,sharpe,execution_within_I1,0.0,30,10
deepseek-v4-pro,synthetic_calm_trend_c0_v0_3,sharpe,response_origin_within_X0,0.0,30,10
deepseek-v4-pro,synthetic_calm_trend_c0_v0_3,sharpe,response_origin_within_X1,0.0,30,10
deepseek-v4-pro,synthetic_calm_trend_c0_v0_3,sharpe,interaction,0.0,30,10
deepseek-v4-pro,synthetic_calm_trend_c0_v0_3,sharpe,execution_shapley,0.0,30,10
deepseek-v4-pro,synthetic_calm_trend_c0_v0_3,sharpe,response_origin_shapley,0.0,30,10
deepseek-v4-pro,synthetic_calm_trend_c0_v0_3,sharpe,observed_diagonal,0.0,30,10
deepseek-v4-pro,synthetic_high_volatility_c0_v0_3,total_return,execution_within_I0,0.0,30,10
deepseek-v4-pro,synthetic_high_volatility_c0_v0_3,total_return,execution_within_I1,0.0,30,10
deepseek-v4-pro,synthetic_high_volatility_c0_v0_3,total_return,response_origin_within_X0,0.0,30,10
deepseek-v4-pro,synthetic_high_volatility_c0_v0_3,total_return,response_origin_within_X1,0.0,30,10
deepseek-v4-pro,synthetic_high_volatility_c0_v0_3,total_return,interaction,0.0,30,10
deepseek-v4-pro,synthetic_high_volatility_c0_v0_3,total_return,execution_shapley,0.0,30,10
deepseek-v4-pro,synthetic_high_volatility_c0_v0_3,total_return,response_origin_shapley,0.0,30,10
deepseek-v4-pro,synthetic_high_volatility_c0_v0_3,total_return,observed_diagonal,0.0,30,10
deepseek-v4-pro,synthetic_high_volatility_c0_v0_3,sharpe,execution_within_I0,0.0,30,10
deepseek-v4-pro,synthetic_high_volatility_c0_v0_3,sharpe,execution_within_I1,0.0,30,10
deepseek-v4-pro,synthetic_high_volatility_c0_v0_3,sharpe,response_origin_within_X0,0.0,30,10
deepseek-v4-pro,synthetic_high_volatility_c0_v0_3,sharpe,response_origin_within_X1,0.0,30,10
deepseek-v4-pro,synthetic_high_volatility_c0_v0_3,sharpe,interaction,0.0,30,10
deepseek-v4-pro,synthetic_high_volatility_c0_v0_3,sharpe,execution_shapley,0.0,30,10
deepseek-v4-pro,synthetic_high_volatility_c0_v0_3,sharpe,response_origin_shapley,0.0,30,10
deepseek-v4-pro,synthetic_high_volatility_c0_v0_3,sharpe,observed_diagonal,0.0,30,10
deepseek-v4-pro,synthetic_jump_tail_c0_v0_3,total_return,execution_within_I0,0.0012344034053999998,30,10
deepseek-v4-pro,synthetic_jump_tail_c0_v0_3,total_return,execution_within_I1,0.0,30,10
deepseek-v4-pro,synthetic_jump_tail_c0_v0_3,total_return,response_origin_within_X0,-0.00016865272066666665,30,10
deepseek-v4-pro,synthetic_jump_tail_c0_v0_3,total_return,response_origin_within_X1,-0.0014030561260666666,30,10
deepseek-v4-pro,synthetic_jump_tail_c0_v0_3,total_return,interaction,-0.0012344034053999998,30,10
deepseek-v4-pro,synthetic_jump_tail_c0_v0_3,total_return,execution_shapley,0.0006172017026999999,30,10
deepseek-v4-pro,synthetic_jump_tail_c0_v0_3,total_return,response_origin_shapley,-0.0007858544233666667,30,10
deepseek-v4-pro,synthetic_jump_tail_c0_v0_3,total_return,observed_diagonal,-0.00016865272066666665,30,10
deepseek-v4-pro,synthetic_jump_tail_c0_v0_3,sharpe,execution_within_I0,-0.00580346270296667,30,10
deepseek-v4-pro,synthetic_jump_tail_c0_v0_3,sharpe,execution_within_I1,0.0,30,10
deepseek-v4-pro,synthetic_jump_tail_c0_v0_3,sharpe,response_origin_within_X0,-0.10566418373903333,30,10
deepseek-v4-pro,synthetic_jump_tail_c0_v0_3,sharpe,response_origin_within_X1,-0.09986072103606666,30,10
deepseek-v4-pro,synthetic_jump_tail_c0_v0_3,sharpe,interaction,0.00580346270296667,30,10
deepseek-v4-pro,synthetic_jump_tail_c0_v0_3,sharpe,execution_shapley,-0.002901731351483335,30,10
deepseek-v4-pro,synthetic_jump_tail_c0_v0_3,sharpe,response_origin_shapley,-0.10276245238755001,30,10
deepseek-v4-pro,synthetic_jump_tail_c0_v0_3,sharpe,observed_diagonal,-0.10566418373903333,30,10
glm-5,synthetic_calm_trend_c0_v0_3,total_return,execution_within_I0,-0.019526539955999997,30,10
glm-5,synthetic_calm_trend_c0_v0_3,total_return,execution_within_I1,-0.013089761879166667,30,10
glm-5,synthetic_calm_trend_c0_v0_3,total_return,response_origin_within_X0,-0.011733992755399998,30,10
glm-5,synthetic_calm_trend_c0_v0_3,total_return,response_origin_within_X1,-0.005297214678566668,30,10
glm-5,synthetic_calm_trend_c0_v0_3,total_return,interaction,0.006436778076833326,30,10
glm-5,synthetic_calm_trend_c0_v0_3,total_return,execution_shapley,-0.016308150917583333,30,10
glm-5,synthetic_calm_trend_c0_v0_3,total_return,response_origin_shapley,-0.008515603716983332,30,10
glm-5,synthetic_calm_trend_c0_v0_3,total_return,observed_diagonal,-0.024823754634566663,30,10
glm-5,synthetic_calm_trend_c0_v0_3,sharpe,execution_within_I0,-7.157872985034066,30,10
glm-5,synthetic_calm_trend_c0_v0_3,sharpe,execution_within_I1,-4.4932297156297665,30,10
glm-5,synthetic_calm_trend_c0_v0_3,sharpe,response_origin_within_X0,-0.5113047089464999,30,10
glm-5,synthetic_calm_trend_c0_v0_3,sharpe,response_origin_within_X1,2.1533385604578,30,10
glm-5,synthetic_calm_trend_c0_v0_3,sharpe,interaction,2.6646432694042996,30,10
glm-5,synthetic_calm_trend_c0_v0_3,sharpe,execution_shapley,-5.825551350331916,30,10
glm-5,synthetic_calm_trend_c0_v0_3,sharpe,response_origin_shapley,0.8210169257556501,30,10
glm-5,synthetic_calm_trend_c0_v0_3,sharpe,observed_diagonal,-5.004534424576266,30,10
glm-5,synthetic_high_volatility_c0_v0_3,total_return,execution_within_I0,-0.02617264934166667,30,10
glm-5,synthetic_high_volatility_c0_v0_3,total_return,execution_within_I1,-0.020208881238466665,30,10
glm-5,synthetic_high_volatility_c0_v0_3,total_return,response_origin_within_X0,-0.0054237380125,30,10
glm-5,synthetic_high_volatility_c0_v0_3,total_return,response_origin_within_X1,0.0005400300907000022,30,10
glm-5,synthetic_high_volatility_c0_v0_3,total_return,interaction,0.005963768103200005,30,10
glm-5,synthetic_high_volatility_c0_v0_3,total_return,execution_shapley,-0.023190765290066667,30,10
glm-5,synthetic_high_volatility_c0_v0_3,total_return,response_origin_shapley,-0.002441853960899999,30,10
glm-5,synthetic_high_volatility_c0_v0_3,total_return,observed_diagonal,-0.025632619250966666,30,10
glm-5,synthetic_high_volatility_c0_v0_3,sharpe,execution_within_I0,-3.2187981640189,30,10
glm-5,synthetic_high_volatility_c0_v0_3,sharpe,execution_within_I1,-1.6940613070792334,30,10
glm-5,synthetic_high_volatility_c0_v0_3,sharpe,response_origin_within_X0,-0.3043389805132332,30,10
glm-5,synthetic_high_volatility_c0_v0_3,sharpe,response_origin_within_X1,1.2203978764264334,30,10
glm-5,synthetic_high_volatility_c0_v0_3,sharpe,interaction,1.5247368569396664,30,10
glm-5,synthetic_high_volatility_c0_v0_3,sharpe,execution_shapley,-2.4564297355490665,30,10
glm-5,synthetic_high_volatility_c0_v0_3,sharpe,response_origin_shapley,0.4580294479566001,30,10
glm-5,synthetic_high_volatility_c0_v0_3,sharpe,observed_diagonal,-1.9984002875924667,30,10
glm-5,synthetic_jump_tail_c0_v0_3,total_return,execution_within_I0,-0.0484713388151,30,10
glm-5,synthetic_jump_tail_c0_v0_3,total_return,execution_within_I1,-0.025942045414333335,30,10
glm-5,synthetic_jump_tail_c0_v0_3,total_return,response_origin_within_X0,-0.007948827161766665,30,10
glm-5,synthetic_jump_tail_c0_v0_3,total_return,response_origin_within_X1,0.014580466238999999,30,10
glm-5,synthetic_jump_tail_c0_v0_3,total_return,interaction,0.022529293400766665,30,10
glm-5,synthetic_jump_tail_c0_v0_3,total_return,execution_shapley,-0.037206692114716666,30,10
glm-5,synthetic_jump_tail_c0_v0_3,total_return,response_origin_shapley,0.003315819538616667,30,10
glm-5,synthetic_jump_tail_c0_v0_3,total_return,observed_diagonal,-0.0338908725761,30,10
glm-5,synthetic_jump_tail_c0_v0_3,sharpe,execution_within_I0,-2.5345651426104,30,10
glm-5,synthetic_jump_tail_c0_v0_3,sharpe,execution_within_I1,-1.3039560809667001,30,10
glm-5,synthetic_jump_tail_c0_v0_3,sharpe,response_origin_within_X0,0.3083336423882668,30,10
glm-5,synthetic_jump_tail_c0_v0_3,sharpe,response_origin_within_X1,1.5389427040319668,30,10
glm-5,synthetic_jump_tail_c0_v0_3,sharpe,interaction,1.2306090616437,30,10
glm-5,synthetic_jump_tail_c0_v0_3,sharpe,execution_shapley,-1.9192606117885502,30,10
glm-5,synthetic_jump_tail_c0_v0_3,sharpe,response_origin_shapley,0.9236381732101168,30,10
glm-5,synthetic_jump_tail_c0_v0_3,sharpe,observed_diagonal,-0.9956224385784334,30,10
glm-5-turbo,synthetic_calm_trend_c0_v0_3,total_return,execution_within_I0,-0.007973302781000002,30,10
glm-5-turbo,synthetic_calm_trend_c0_v0_3,total_return,execution_within_I1,-0.0011146688931333317,30,10
glm-5-turbo,synthetic_calm_trend_c0_v0_3,total_return,response_origin_within_X0,-0.007044833542700003,30,10
glm-5-turbo,synthetic_calm_trend_c0_v0_3,total_return,response_origin_within_X1,-0.00018619965483333256,30,10
glm-5-turbo,synthetic_calm_trend_c0_v0_3,total_return,interaction,0.006858633887866671,30,10
glm-5-turbo,synthetic_calm_trend_c0_v0_3,total_return,execution_shapley,-0.004543985837066666,30,10
glm-5-turbo,synthetic_calm_trend_c0_v0_3,total_return,response_origin_shapley,-0.003615516598766669,30,10
glm-5-turbo,synthetic_calm_trend_c0_v0_3,total_return,observed_diagonal,-0.008159502435833335,30,10
glm-5-turbo,synthetic_calm_trend_c0_v0_3,sharpe,execution_within_I0,-8.987286160150733,30,10
glm-5-turbo,synthetic_calm_trend_c0_v0_3,sharpe,execution_within_I1,-1.3223132572542002,30,10
glm-5-turbo,synthetic_calm_trend_c0_v0_3,sharpe,response_origin_within_X0,-1.5110816263676665,30,10
glm-5-turbo,synthetic_calm_trend_c0_v0_3,sharpe,response_origin_within_X1,6.153891276528866,30,10
glm-5-turbo,synthetic_calm_trend_c0_v0_3,sharpe,interaction,7.664972902896533,30,10
glm-5-turbo,synthetic_calm_trend_c0_v0_3,sharpe,execution_shapley,-5.154799708702467,30,10
glm-5-turbo,synthetic_calm_trend_c0_v0_3,sharpe,response_origin_shapley,2.3214048250806,30,10
glm-5-turbo,synthetic_calm_trend_c0_v0_3,sharpe,observed_diagonal,-2.8333948836218665,30,10
glm-5-turbo,synthetic_high_volatility_c0_v0_3,total_return,execution_within_I0,-0.0099727218096,30,10
glm-5-turbo,synthetic_high_volatility_c0_v0_3,total_return,execution_within_I1,-0.004356749522999998,30,10
glm-5-turbo,synthetic_high_volatility_c0_v0_3,total_return,response_origin_within_X0,-0.008800033088199998,30,10
glm-5-turbo,synthetic_high_volatility_c0_v0_3,total_return,response_origin_within_X1,-0.0031840608015999976,30,10
glm-5-turbo,synthetic_high_volatility_c0_v0_3,total_return,interaction,0.005615972286600002,30,10
glm-5-turbo,synthetic_high_volatility_c0_v0_3,total_return,execution_shapley,-0.0071647356663,30,10
glm-5-turbo,synthetic_high_volatility_c0_v0_3,total_return,response_origin_shapley,-0.005992046944899998,30,10
glm-5-turbo,synthetic_high_volatility_c0_v0_3,total_return,observed_diagonal,-0.0131567826112,30,10
glm-5-turbo,synthetic_high_volatility_c0_v0_3,sharpe,execution_within_I0,-3.5422866070038332,30,10
glm-5-turbo,synthetic_high_volatility_c0_v0_3,sharpe,execution_within_I1,-0.7298904168102667,30,10
glm-5-turbo,synthetic_high_volatility_c0_v0_3,sharpe,response_origin_within_X0,-0.32459163671850005,30,10
glm-5-turbo,synthetic_high_volatility_c0_v0_3,sharpe,response_origin_within_X1,2.487804553475067,30,10
glm-5-turbo,synthetic_high_volatility_c0_v0_3,sharpe,interaction,2.812396190193567,30,10
glm-5-turbo,synthetic_high_volatility_c0_v0_3,sharpe,execution_shapley,-2.13608851190705,30,10
glm-5-turbo,synthetic_high_volatility_c0_v0_3,sharpe,response_origin_shapley,1.0816064583782834,30,10
glm-5-turbo,synthetic_high_volatility_c0_v0_3,sharpe,observed_diagonal,-1.0544820535287667,30,10
glm-5-turbo,synthetic_jump_tail_c0_v0_3,total_return,execution_within_I0,-0.02242687830363333,30,10
glm-5-turbo,synthetic_jump_tail_c0_v0_3,total_return,execution_within_I1,-0.016893553167533333,30,10
glm-5-turbo,synthetic_jump_tail_c0_v0_3,total_return,response_origin_within_X0,0.02220547518816667,30,10
glm-5-turbo,synthetic_jump_tail_c0_v0_3,total_return,response_origin_within_X1,0.027738800324266667,30,10
glm-5-turbo,synthetic_jump_tail_c0_v0_3,total_return,interaction,0.005533325136099997,30,10
glm-5-turbo,synthetic_jump_tail_c0_v0_3,total_return,execution_shapley,-0.019660215735583332,30,10
glm-5-turbo,synthetic_jump_tail_c0_v0_3,total_return,response_origin_shapley,0.024972137756216668,30,10
glm-5-turbo,synthetic_jump_tail_c0_v0_3,total_return,observed_diagonal,0.005311922020633336,30,10
glm-5-turbo,synthetic_jump_tail_c0_v0_3,sharpe,execution_within_I0,-1.7111467396239668,30,10
glm-5-turbo,synthetic_jump_tail_c0_v0_3,sharpe,execution_within_I1,-1.2322825326189335,30,10
glm-5-turbo,synthetic_jump_tail_c0_v0_3,sharpe,response_origin_within_X0,1.8580554803333003,30,10
glm-5-turbo,synthetic_jump_tail_c0_v0_3,sharpe,response_origin_within_X1,2.3369196873383333,30,10
glm-5-turbo,synthetic_jump_tail_c0_v0_3,sharpe,interaction,0.47886420700503324,30,10
glm-5-turbo,synthetic_jump_tail_c0_v0_3,sharpe,execution_shapley,-1.4717146361214501,30,10
glm-5-turbo,synthetic_jump_tail_c0_v0_3,sharpe,response_origin_shapley,2.0974875838358167,30,10
glm-5-turbo,synthetic_jump_tail_c0_v0_3,sharpe,observed_diagonal,0.6257729477143666,30,10
glm-5.2,synthetic_calm_trend_c0_v0_3,total_return,execution_within_I0,-0.011252187761666666,30,10
glm-5.2,synthetic_calm_trend_c0_v0_3,total_return,execution_within_I1,-0.009369867718199996,30,10
glm-5.2,synthetic_calm_trend_c0_v0_3,total_return,response_origin_within_X0,-0.011043303350300003,30,10
glm-5.2,synthetic_calm_trend_c0_v0_3,total_return,response_origin_within_X1,-0.009160983306833336,30,10
glm-5.2,synthetic_calm_trend_c0_v0_3,total_return,interaction,0.0018823200434666676,30,10
glm-5.2,synthetic_calm_trend_c0_v0_3,total_return,execution_shapley,-0.010311027739933332,30,10
glm-5.2,synthetic_calm_trend_c0_v0_3,total_return,response_origin_shapley,-0.01010214332856667,30,10
glm-5.2,synthetic_calm_trend_c0_v0_3,total_return,observed_diagonal,-0.0204131710685,30,10
glm-5.2,synthetic_calm_trend_c0_v0_3,sharpe,execution_within_I0,-7.469145632652167,30,10
glm-5.2,synthetic_calm_trend_c0_v0_3,sharpe,execution_within_I1,-5.069539584566067,30,10
glm-5.2,synthetic_calm_trend_c0_v0_3,sharpe,response_origin_within_X0,-0.8571406189922666,30,10
glm-5.2,synthetic_calm_trend_c0_v0_3,sharpe,response_origin_within_X1,1.5424654290938333,30,10
glm-5.2,synthetic_calm_trend_c0_v0_3,sharpe,interaction,2.3996060480861003,30,10
glm-5.2,synthetic_calm_trend_c0_v0_3,sharpe,execution_shapley,-6.269342608609117,30,10
glm-5.2,synthetic_calm_trend_c0_v0_3,sharpe,response_origin_shapley,0.34266240505078344,30,10
glm-5.2,synthetic_calm_trend_c0_v0_3,sharpe,observed_diagonal,-5.926680203558334,30,10
glm-5.2,synthetic_high_volatility_c0_v0_3,total_return,execution_within_I0,-0.019031780664066664,30,10
glm-5.2,synthetic_high_volatility_c0_v0_3,total_return,execution_within_I1,-0.011830897116100003,30,10
glm-5.2,synthetic_high_volatility_c0_v0_3,total_return,response_origin_within_X0,-0.010076429260533332,30,10
glm-5.2,synthetic_high_volatility_c0_v0_3,total_return,response_origin_within_X1,-0.002875545712566671,30,10
glm-5.2,synthetic_high_volatility_c0_v0_3,total_return,interaction,0.007200883547966661,30,10
glm-5.2,synthetic_high_volatility_c0_v0_3,total_return,execution_shapley,-0.015431338890083334,30,10
glm-5.2,synthetic_high_volatility_c0_v0_3,total_return,response_origin_shapley,-0.006475987486550002,30,10
glm-5.2,synthetic_high_volatility_c0_v0_3,total_return,observed_diagonal,-0.021907326376633333,30,10
glm-5.2,synthetic_high_volatility_c0_v0_3,sharpe,execution_within_I0,-2.9146324297402333,30,10
glm-5.2,synthetic_high_volatility_c0_v0_3,sharpe,execution_within_I1,-1.9966867331247666,30,10
glm-5.2,synthetic_high_volatility_c0_v0_3,sharpe,response_origin_within_X0,0.08465317223256677,30,10
glm-5.2,synthetic_high_volatility_c0_v0_3,sharpe,response_origin_within_X1,1.0025988688480336,30,10
glm-5.2,synthetic_high_volatility_c0_v0_3,sharpe,interaction,0.917945696615467,30,10
glm-5.2,synthetic_high_volatility_c0_v0_3,sharpe,execution_shapley,-2.4556595814325,30,10
glm-5.2,synthetic_high_volatility_c0_v0_3,sharpe,response_origin_shapley,0.5436260205403002,30,10
glm-5.2,synthetic_high_volatility_c0_v0_3,sharpe,observed_diagonal,-1.9120335608922,30,10
glm-5.2,synthetic_jump_tail_c0_v0_3,total_return,execution_within_I0,-0.059407595196300005,30,10
glm-5.2,synthetic_jump_tail_c0_v0_3,total_return,execution_within_I1,-0.031491821137600004,30,10
glm-5.2,synthetic_jump_tail_c0_v0_3,total_return,response_origin_within_X0,-0.02546985021966667,30,10
glm-5.2,synthetic_jump_tail_c0_v0_3,total_return,response_origin_within_X1,0.0024459238390333333,30,10
glm-5.2,synthetic_jump_tail_c0_v0_3,total_return,interaction,0.027915774058700004,30,10
glm-5.2,synthetic_jump_tail_c0_v0_3,total_return,execution_shapley,-0.04544970816695,30,10
glm-5.2,synthetic_jump_tail_c0_v0_3,total_return,response_origin_shapley,-0.011511963190316667,30,10
glm-5.2,synthetic_jump_tail_c0_v0_3,total_return,observed_diagonal,-0.056961671357266666,30,10
glm-5.2,synthetic_jump_tail_c0_v0_3,sharpe,execution_within_I0,-2.6183691830376667,30,10
glm-5.2,synthetic_jump_tail_c0_v0_3,sharpe,execution_within_I1,-1.8210161096009,30,10
glm-5.2,synthetic_jump_tail_c0_v0_3,sharpe,response_origin_within_X0,-0.13115670610943334,30,10
glm-5.2,synthetic_jump_tail_c0_v0_3,sharpe,response_origin_within_X1,0.6661963673273334,30,10
glm-5.2,synthetic_jump_tail_c0_v0_3,sharpe,interaction,0.7973530734367668,30,10
glm-5.2,synthetic_jump_tail_c0_v0_3,sharpe,execution_shapley,-2.219692646319283,30,10
glm-5.2,synthetic_jump_tail_c0_v0_3,sharpe,response_origin_shapley,0.26751983060895,30,10
glm-5.2,synthetic_jump_tail_c0_v0_3,sharpe,observed_diagonal,-1.9521728157103333,30,10
