protocol_id,base_key_sha256,provider,model_id,model_version_or_release,scenario_id,contamination_tier,seed,sample_index,first_prompt_equal,first_response_hash_equal,first_parsed_response_equal,first_parsed_response_divergence_step,full_response_path_equal,full_parsed_response_path_equal
trellm-v0.3-iclr-protocol,sha256:0042596e5e231901175925c2ec9828d4de9149b4e51f3b25bdd7ab60e9158813,glm,glm-5-turbo,api-pinned-2026-07-06,synthetic_calm_trend_c0_v0_3,C0,7,0,True,False,False,0,False,False
trellm-v0.3-iclr-protocol,sha256:014424ade70ee2c4058057ea6f12b634c87cbaa8ffeb3ff4456d573925ee3fcc,glm,glm-5.2,api-pinned-2026-07-06,synthetic_calm_trend_c0_v0_3,C0,31,1,True,False,False,0,False,False
trellm-v0.3-iclr-protocol,sha256:015b1c4e6ec13cc1aa122d7bc39d42efb6f4a596ae43e54b7a8f45253ea072b6,deepseek,deepseek-v4-flash,api-pinned-2026-07-02,synthetic_calm_trend_c0_v0_3,C0,37,1,True,True,True,1,False,False
trellm-v0.3-iclr-protocol,sha256:02cda00cc11fbbb23f33c47719c168b0cf4a0e2182189e9bc4449fbaf57a47d4,glm,glm-5,api-pinned-2026-07-02,synthetic_jump_tail_c0_v0_3,C0,23,0,True,False,False,0,False,False
trellm-v0.3-iclr-protocol,sha256:02d79268acbc00d8a562c0f192e299a0e7b49656aaf66f2f80223f7aad90f531,glm,glm-5,api-pinned-2026-07-02,synthetic_high_volatility_c0_v0_3,C0,17,0,True,False,False,0,False,False
trellm-v0.3-iclr-protocol,sha256:030605ea90dac9bef405c035aa57be8ef9733f5f8bdc5eb57bddc90fe0b08d55,glm,glm-5-turbo,api-pinned-2026-07-06,synthetic_high_volatility_c0_v0_3,C0,23,1,True,False,False,0,False,False
trellm-v0.3-iclr-protocol,sha256:03a17263add161977d6938ee9cdb3d31956e76a9b4ff69aa1ce4767fbc55bb15,deepseek,deepseek-v4-flash,api-pinned-2026-07-02,synthetic_calm_trend_c0_v0_3,C0,11,0,True,False,False,0,False,False
trellm-v0.3-iclr-protocol,sha256:04ec1dadb4b0c38983a9e19c01b6d0da4765b947f774ba1bd389aa4c280503d4,glm,glm-5.2,api-pinned-2026-07-06,synthetic_high_volatility_c0_v0_3,C0,41,2,True,True,True,1,False,False
trellm-v0.3-iclr-protocol,sha256:04f42f61021a73bc0bd5cf0203ac2af9b91dc66bc9911a8e6e765439dcedf146,deepseek,deepseek-v4-pro,api-pinned-2026-07-02,synthetic_calm_trend_c0_v0_3,C0,47,2,True,True,True,-1,False,True
trellm-v0.3-iclr-protocol,sha256:0687ae944c7963af06b46ba3a8ee02fe5f8df97d3cfa56f6107f3ec90a79c4ec,glm,glm-5,api-pinned-2026-07-02,synthetic_high_volatility_c0_v0_3,C0,23,1,True,True,True,1,False,False
trellm-v0.3-iclr-protocol,sha256:06d52f7a3cbd61d29457d1237f8bbf8cae779f8326c82a2d132d6ba87106c183,deepseek,deepseek-v4-flash,api-pinned-2026-07-02,synthetic_high_volatility_c0_v0_3,C0,17,2,True,True,True,1,False,False
trellm-v0.3-iclr-protocol,sha256:075fa1a26630d3ae2db5c517fabdca4837e8b50c64046dfb8854d8f55c450969,deepseek,deepseek-v4-flash,api-pinned-2026-07-02,synthetic_jump_tail_c0_v0_3,C0,31,1,True,True,True,1,False,False
trellm-v0.3-iclr-protocol,sha256:07c4ca8cd6b43bd5cab0996fb5883d9aa7317cf41cab0ab6da430d64d56c5608,glm,glm-5.2,api-pinned-2026-07-06,synthetic_jump_tail_c0_v0_3,C0,11,2,True,True,True,1,False,False
trellm-v0.3-iclr-protocol,sha256:07e196e513c11baacc47e14c07ece07b756fd668040275b7180d6508a7c6dcb6,glm,glm-5,api-pinned-2026-07-02,synthetic_high_volatility_c0_v0_3,C0,53,1,True,False,False,0,False,False
trellm-v0.3-iclr-protocol,sha256:082d7d8c462ce68e3d3ddb72dbc929b1d08861b4160ec4450fe6fc7a81d54f55,glm,glm-5-turbo,api-pinned-2026-07-06,synthetic_calm_trend_c0_v0_3,C0,41,2,True,False,False,0,False,False
trellm-v0.3-iclr-protocol,sha256:08327ff0dd30e39b353415a71ddc14e7d6e312b378f5e370ed79f7fa48e5f48a,glm,glm-5-turbo,api-pinned-2026-07-06,synthetic_high_volatility_c0_v0_3,C0,11,2,True,False,False,0,False,False
trellm-v0.3-iclr-protocol,sha256:089a287dcd088f000bdcbb87643ca4376db17f5a9b7ea14e02e922d082d2b8ad,glm,glm-5.2,api-pinned-2026-07-06,synthetic_high_volatility_c0_v0_3,C0,11,1,True,False,False,0,False,False
trellm-v0.3-iclr-protocol,sha256:098d347b8f4e7694bf194b0a2f01cc7c79287191129faa2464f4c2570b16bf64,glm,glm-5,api-pinned-2026-07-02,synthetic_jump_tail_c0_v0_3,C0,43,0,True,False,False,0,False,False
trellm-v0.3-iclr-protocol,sha256:0a14bff34c476003f2dbaf230b083f701999615e234c4d80bb015745579fd728,glm,glm-5-turbo,api-pinned-2026-07-06,synthetic_jump_tail_c0_v0_3,C0,17,1,True,True,True,1,False,False
trellm-v0.3-iclr-protocol,sha256:0a7e1b58e3f5070cf8e190fb3080729c3dfc2e796d7a35dbb5f3aa19f3af4237,glm,glm-5.2,api-pinned-2026-07-06,synthetic_high_volatility_c0_v0_3,C0,37,2,True,True,True,1,False,False
trellm-v0.3-iclr-protocol,sha256:0a81aea228f492bf12dbceb2c7730a6319cadd3b9fdd5d678ecea6b6acbd0cf3,glm,glm-5.2,api-pinned-2026-07-06,synthetic_high_volatility_c0_v0_3,C0,41,0,True,False,False,0,False,False
trellm-v0.3-iclr-protocol,sha256:0a96a00f3ad7e111b30383c11130de55c9baf168b63ed79522f18f3a8805dcd2,glm,glm-5-turbo,api-pinned-2026-07-06,synthetic_jump_tail_c0_v0_3,C0,23,1,True,False,False,0,False,False
trellm-v0.3-iclr-protocol,sha256:0ae7ceff44ce88b7402bf6ac5b1962dd613093752bfdf693f1ccccfc24e0fb3f,glm,glm-5,api-pinned-2026-07-02,synthetic_calm_trend_c0_v0_3,C0,31,2,True,False,False,0,False,False
trellm-v0.3-iclr-protocol,sha256:0b5c043507345020846cb98a47d0d156d1caa8ef77c84591ef59b359e417b4fb,deepseek,deepseek-v4-pro,api-pinned-2026-07-02,synthetic_jump_tail_c0_v0_3,C0,11,0,True,False,True,-1,False,True
trellm-v0.3-iclr-protocol,sha256:0ba61a843793294bd4ce0f426eb66d62db2c39bce7b6c444a5df4125bf5ada22,glm,glm-5.2,api-pinned-2026-07-06,synthetic_high_volatility_c0_v0_3,C0,17,0,True,False,True,1,False,False
trellm-v0.3-iclr-protocol,sha256:0be7b9dff61be9020e05a4f601d7221682af62ce4df7071302776fcaed285a36,glm,glm-5,api-pinned-2026-07-02,synthetic_high_volatility_c0_v0_3,C0,53,0,True,False,False,0,False,False
trellm-v0.3-iclr-protocol,sha256:0c6a10fe1f56a020eb98f6bd06339f689f86722c61b8e723e67a21764ed2f78d,glm,glm-5.2,api-pinned-2026-07-06,synthetic_calm_trend_c0_v0_3,C0,23,2,True,False,False,0,False,False
trellm-v0.3-iclr-protocol,sha256:0cfe6bee91f6fc7b17aa09ec296c8fe8ec0d979ed456dc91d8cce9a92a446ad3,glm,glm-5-turbo,api-pinned-2026-07-06,synthetic_calm_trend_c0_v0_3,C0,11,0,True,False,False,0,False,False
trellm-v0.3-iclr-protocol,sha256:0cff48cd34d060f5e99466528d8f6cf912e0ccc9ea4c69b143cb230ebbab7a73,deepseek,deepseek-v4-flash,api-pinned-2026-07-02,synthetic_jump_tail_c0_v0_3,C0,23,1,True,True,True,1,False,False
trellm-v0.3-iclr-protocol,sha256:0d324acacd9863cec352363683519a11c1e80020487ff7f54ef295102946b466,glm,glm-5,api-pinned-2026-07-02,synthetic_jump_tail_c0_v0_3,C0,17,2,True,False,False,0,False,False
trellm-v0.3-iclr-protocol,sha256:0f6ca401fff040754c7845e8dafda3f904f1061d26395f00c5f1224dfc8da330,glm,glm-5,api-pinned-2026-07-02,synthetic_jump_tail_c0_v0_3,C0,11,0,True,True,True,1,False,False
trellm-v0.3-iclr-protocol,sha256:0f7db30107c7ba3d3a17593e0729206c56d7341197d930f32d51e41f64fa09e0,glm,glm-5.2,api-pinned-2026-07-06,synthetic_high_volatility_c0_v0_3,C0,37,1,True,False,True,1,False,False
trellm-v0.3-iclr-protocol,sha256:0fc856de88269908097525b94e6ed20f8ca2a18da5b52d1379aa50f1555f6686,deepseek,deepseek-v4-pro,api-pinned-2026-07-02,synthetic_calm_trend_c0_v0_3,C0,17,2,True,True,True,-1,True,True
trellm-v0.3-iclr-protocol,sha256:10579ade86c0f640b0e2d206b4b8157eccf3ab23e709dc2e835866077d79da9e,deepseek,deepseek-v4-flash,api-pinned-2026-07-02,synthetic_high_volatility_c0_v0_3,C0,31,1,True,True,True,1,False,False
trellm-v0.3-iclr-protocol,sha256:12d28966333f54b37c2e0a4601a451da124825ec8e54ff16d9ad73e6a2956355,glm,glm-5,api-pinned-2026-07-02,synthetic_jump_tail_c0_v0_3,C0,7,0,True,False,False,0,False,False
trellm-v0.3-iclr-protocol,sha256:13683907c5081a0663b8088334c90f588ea683993df56b562e732afc2df56900,glm,glm-5,api-pinned-2026-07-02,synthetic_calm_trend_c0_v0_3,C0,43,1,True,False,False,0,False,False
trellm-v0.3-iclr-protocol,sha256:14efe3ca78c6706c83c62e63657b1894f71ba0ed9ee7eee57a42bcb0088354ed,glm,glm-5,api-pinned-2026-07-02,synthetic_calm_trend_c0_v0_3,C0,43,2,True,False,False,0,False,False
trellm-v0.3-iclr-protocol,sha256:15067135941bc3263cac3c35c172e39386a8dda08b7ad006e737f140b4127c82,deepseek,deepseek-v4-pro,api-pinned-2026-07-02,synthetic_jump_tail_c0_v0_3,C0,37,1,True,True,True,-1,False,True
trellm-v0.3-iclr-protocol,sha256:15bb88ef1419961ce94e6a6ef6bc510ba51183d059143cade6b55634df653fcb,deepseek,deepseek-v4-pro,api-pinned-2026-07-02,synthetic_calm_trend_c0_v0_3,C0,17,1,True,True,True,-1,False,True
trellm-v0.3-iclr-protocol,sha256:15f0d974ebdc96c1c52ce9518f84da9611803824e7b8e2a694122146dad80522,deepseek,deepseek-v4-pro,api-pinned-2026-07-02,synthetic_jump_tail_c0_v0_3,C0,11,2,True,False,True,7,False,False
trellm-v0.3-iclr-protocol,sha256:16c78e57ef9aa8946429100481973216016d6ae3868e954de196e14877ca4684,glm,glm-5,api-pinned-2026-07-02,synthetic_jump_tail_c0_v0_3,C0,37,0,True,False,False,0,False,False
trellm-v0.3-iclr-protocol,sha256:17e502b50f488633846f47c444989cd9d9ff1fdcd5e6919f84201d50a360dcf4,deepseek,deepseek-v4-flash,api-pinned-2026-07-02,synthetic_jump_tail_c0_v0_3,C0,7,0,True,False,False,0,False,False
trellm-v0.3-iclr-protocol,sha256:18ad02ddf261d3c2f1c0eef466b0ebc8f3b09dc19e33effffe2e7f8f4b66c043,glm,glm-5-turbo,api-pinned-2026-07-06,synthetic_high_volatility_c0_v0_3,C0,31,1,True,False,False,0,False,False
trellm-v0.3-iclr-protocol,sha256:18ad16e21506df90a573c43daad7d891e081541ffdc6951a0218982a09a286af,glm,glm-5,api-pinned-2026-07-02,synthetic_jump_tail_c0_v0_3,C0,7,2,True,True,True,1,False,False
trellm-v0.3-iclr-protocol,sha256:19826fd6038bf8fc49626c354a39014456e33a6fcc15901ee344356e8f06e34e,glm,glm-5.2,api-pinned-2026-07-06,synthetic_jump_tail_c0_v0_3,C0,17,2,True,False,False,0,False,False
trellm-v0.3-iclr-protocol,sha256:1ad33f4a6b289cbbfb1badb648f2f732d00187b29c8fcf3a11661121001956a2,deepseek,deepseek-v4-flash,api-pinned-2026-07-02,synthetic_high_volatility_c0_v0_3,C0,23,0,True,True,True,1,False,False
trellm-v0.3-iclr-protocol,sha256:1be4332fc44316e6f7daaba27ea93224cdb05bf523a3012fe8d682c639508559,deepseek,deepseek-v4-flash,api-pinned-2026-07-02,synthetic_high_volatility_c0_v0_3,C0,37,0,True,True,True,1,False,False
trellm-v0.3-iclr-protocol,sha256:1c13a63638265151f4d5813965e9abf1d256f778242fa31f45db027fae121b63,glm,glm-5-turbo,api-pinned-2026-07-06,synthetic_high_volatility_c0_v0_3,C0,7,1,True,False,False,0,False,False
trellm-v0.3-iclr-protocol,sha256:1ceb07489be12d8385e6efa7616fa57144a7aa5fde369e71c05d0388d57e0826,glm,glm-5-turbo,api-pinned-2026-07-06,synthetic_calm_trend_c0_v0_3,C0,41,1,True,False,False,0,False,False
trellm-v0.3-iclr-protocol,sha256:1cf0401e27a53bcbf896d83dcf506306182c813c51e9ab303da36a8b67c2078c,glm,glm-5.2,api-pinned-2026-07-06,synthetic_high_volatility_c0_v0_3,C0,23,2,True,False,False,0,False,False
trellm-v0.3-iclr-protocol,sha256:1d08a4436460cdf7c2f1211ddd4d2cc6b4baa753d703b8a841d5c65046506ca7,deepseek,deepseek-v4-pro,api-pinned-2026-07-02,synthetic_calm_trend_c0_v0_3,C0,7,1,True,True,True,-1,False,True
trellm-v0.3-iclr-protocol,sha256:1d13c77cadf48714865fa3a24c1dd83dd565d29d642328a970d7e200b24aed96,deepseek,deepseek-v4-pro,api-pinned-2026-07-02,synthetic_calm_trend_c0_v0_3,C0,41,1,True,True,True,-1,False,True
trellm-v0.3-iclr-protocol,sha256:1d51b4f82e43626e57de01223e63ad37e9f196475b3b8cc035e0b51960cb5e03,deepseek,deepseek-v4-flash,api-pinned-2026-07-02,synthetic_jump_tail_c0_v0_3,C0,23,2,True,True,True,1,False,False
trellm-v0.3-iclr-protocol,sha256:1d588e99741d9f802d2f2bbf9df7b0402e5473cf624ab7cae00bf88db1252c4a,glm,glm-5-turbo,api-pinned-2026-07-06,synthetic_jump_tail_c0_v0_3,C0,43,0,True,False,False,0,False,False
trellm-v0.3-iclr-protocol,sha256:1da7381a19280a0d741e33c49bd0caea46e27d34450df758f249317555d7de12,glm,glm-5.2,api-pinned-2026-07-06,synthetic_calm_trend_c0_v0_3,C0,11,1,True,False,False,0,False,False
trellm-v0.3-iclr-protocol,sha256:1dc03ace51d514ef8a5de1c68e5ebee8c7e94359e51ac787b7faa0c1913d88fc,glm,glm-5.2,api-pinned-2026-07-06,synthetic_calm_trend_c0_v0_3,C0,11,0,True,False,False,0,False,False
trellm-v0.3-iclr-protocol,sha256:1e03218efc1a65fecee74db5f5298e7c960aeb02822b7fe7c1792ce7c9b55810,glm,glm-5-turbo,api-pinned-2026-07-06,synthetic_calm_trend_c0_v0_3,C0,7,1,True,False,False,0,False,False
trellm-v0.3-iclr-protocol,sha256:1e4b780e1be0b1ff2590e79945b4db2336c9b469c08a1c74c208f1bdf642baf3,glm,glm-5,api-pinned-2026-07-02,synthetic_high_volatility_c0_v0_3,C0,11,0,True,False,False,0,False,False
trellm-v0.3-iclr-protocol,sha256:1f40d206c83f9804ceba2e3d0198e07880d440f5af5db25c8639bcf82bceef5e,glm,glm-5.2,api-pinned-2026-07-06,synthetic_high_volatility_c0_v0_3,C0,17,2,True,True,True,1,False,False
trellm-v0.3-iclr-protocol,sha256:1fae9582e237d7127d0dd2e8389a745f2d15fac8005a3208eb648b2819a7f4e1,deepseek,deepseek-v4-flash,api-pinned-2026-07-02,synthetic_calm_trend_c0_v0_3,C0,17,2,True,False,False,0,False,False
trellm-v0.3-iclr-protocol,sha256:2047b24ea61d816db28b62e1f71e0c1a0732b720a25b21e876b83b9b5fda581b,glm,glm-5.2,api-pinned-2026-07-06,synthetic_jump_tail_c0_v0_3,C0,43,2,True,False,False,0,False,False
trellm-v0.3-iclr-protocol,sha256:205724c2ee90c5f55f6d2c68a329b1428fa0492990b4b0f4137442113b2e4124,deepseek,deepseek-v4-pro,api-pinned-2026-07-02,synthetic_high_volatility_c0_v0_3,C0,11,1,True,True,True,-1,False,True
trellm-v0.3-iclr-protocol,sha256:215417a0cf2bee5bb5cffdf573bb1e05fca0329572c08c2ce34f7ba5b1130aab,glm,glm-5.2,api-pinned-2026-07-06,synthetic_calm_trend_c0_v0_3,C0,47,0,True,False,False,0,False,False
trellm-v0.3-iclr-protocol,sha256:21ce6ec25981c0fd55df0ce0d3ba7820d497d2bce8adb51e45ac9a6edbc89257,glm,glm-5-turbo,api-pinned-2026-07-06,synthetic_jump_tail_c0_v0_3,C0,37,0,True,False,False,0,False,False
trellm-v0.3-iclr-protocol,sha256:225d86c2f95380cb79fe3e7c636822e2a6e7e0243f0b86c97f663c25b3296d4f,deepseek,deepseek-v4-pro,api-pinned-2026-07-02,synthetic_high_volatility_c0_v0_3,C0,7,0,True,True,True,-1,False,True
trellm-v0.3-iclr-protocol,sha256:231e7f7323b8b8d24c1bfa1a3f4859cf8d34ec6318448e2cbe2d3f4990935e15,deepseek,deepseek-v4-flash,api-pinned-2026-07-02,synthetic_jump_tail_c0_v0_3,C0,53,1,True,False,False,0,False,False
trellm-v0.3-iclr-protocol,sha256:23b98e0b204384a6abcae964596f1ded50456c5aa095ef41a6e260fd9d331e3e,deepseek,deepseek-v4-flash,api-pinned-2026-07-02,synthetic_high_volatility_c0_v0_3,C0,31,0,True,True,True,1,False,False
trellm-v0.3-iclr-protocol,sha256:23d04d4dea698d2900db132bc810a3160f5490d41de6f5d8608d485d83388bf2,deepseek,deepseek-v4-flash,api-pinned-2026-07-02,synthetic_calm_trend_c0_v0_3,C0,31,0,True,True,True,1,False,False
trellm-v0.3-iclr-protocol,sha256:249084048a63facfd7c6fcfa13ba7850205101bc9308bd724205c86e022443eb,glm,glm-5.2,api-pinned-2026-07-06,synthetic_high_volatility_c0_v0_3,C0,41,1,True,True,True,1,False,False
trellm-v0.3-iclr-protocol,sha256:25de67f83aa88406cb7f842efd46d85103457f0ca593ef3207c3353375ac6a25,deepseek,deepseek-v4-flash,api-pinned-2026-07-02,synthetic_high_volatility_c0_v0_3,C0,41,0,True,True,True,1,False,False
trellm-v0.3-iclr-protocol,sha256:263ccbe8326d4d8e4a618b9f9f1ebbdee62f674cff3461512985a7caefa86cd6,glm,glm-5.2,api-pinned-2026-07-06,synthetic_jump_tail_c0_v0_3,C0,41,0,True,False,True,1,False,False
trellm-v0.3-iclr-protocol,sha256:26a25a41d99f98c6d70526c3ff920c8777d02cd833fbb50681bf7b7c660f624f,glm,glm-5-turbo,api-pinned-2026-07-06,synthetic_calm_trend_c0_v0_3,C0,17,0,True,False,True,1,False,False
trellm-v0.3-iclr-protocol,sha256:26ede7b8fb608a28b625f88f9c43c5999438729a4cb1a9e6853bec130ca145a5,deepseek,deepseek-v4-flash,api-pinned-2026-07-02,synthetic_high_volatility_c0_v0_3,C0,7,0,True,True,True,1,False,False
trellm-v0.3-iclr-protocol,sha256:26f8ea6688c262f6ad7665870860656fe3a6469a3eea0afe308183484da95058,glm,glm-5.2,api-pinned-2026-07-06,synthetic_calm_trend_c0_v0_3,C0,43,2,True,False,False,0,False,False
trellm-v0.3-iclr-protocol,sha256:286bf7d32082e2f83ebb050df0ded034e048358642cb1fdfe515156afd6c48ef,deepseek,deepseek-v4-flash,api-pinned-2026-07-02,synthetic_jump_tail_c0_v0_3,C0,11,2,True,True,True,1,False,False
trellm-v0.3-iclr-protocol,sha256:2898a309e37dd25df94b9b02c3efddcd480675d2395474ea89fa936b4cbd0ec1,deepseek,deepseek-v4-flash,api-pinned-2026-07-02,synthetic_calm_trend_c0_v0_3,C0,31,1,True,False,False,0,False,False
trellm-v0.3-iclr-protocol,sha256:29238f724703f6f884826232b4a2956a51c24814be7c366f9ade81ea934cf19d,deepseek,deepseek-v4-flash,api-pinned-2026-07-02,synthetic_jump_tail_c0_v0_3,C0,41,1,True,True,True,1,False,False
trellm-v0.3-iclr-protocol,sha256:29469e12c88de07eb7e17dddc76e74e420b22d5cf05fa3526e791bf93d36e75b,glm,glm-5,api-pinned-2026-07-02,synthetic_jump_tail_c0_v0_3,C0,47,0,True,False,False,0,False,False
trellm-v0.3-iclr-protocol,sha256:2a5de8765e19fff0be1299bcd8129600ca35173320bd27dd6fbecc2ee85c9c36,deepseek,deepseek-v4-flash,api-pinned-2026-07-02,synthetic_high_volatility_c0_v0_3,C0,7,1,True,True,True,2,False,False
trellm-v0.3-iclr-protocol,sha256:2a796edea04b5307c8e80f42f399b94acfc0719a47bed846448e38c962125aeb,deepseek,deepseek-v4-pro,api-pinned-2026-07-02,synthetic_high_volatility_c0_v0_3,C0,53,1,True,True,True,-1,False,True
trellm-v0.3-iclr-protocol,sha256:2a83e8ffffbf83be8861a140b4cdea5cfb5c0c114d4366a56a5fa0caf80e795e,glm,glm-5.2,api-pinned-2026-07-06,synthetic_jump_tail_c0_v0_3,C0,31,0,True,False,False,0,False,False
trellm-v0.3-iclr-protocol,sha256:2cfdb910e2da8ee09ecfe751e4283921e7bcc951c6f9b9467673cd06ae21c4c1,deepseek,deepseek-v4-pro,api-pinned-2026-07-02,synthetic_jump_tail_c0_v0_3,C0,43,1,True,True,True,-1,False,True
trellm-v0.3-iclr-protocol,sha256:2d5ab505e4c6899a23526ca7d38ff312e5c1cb8d564ecb81b0607f00ed70ee77,glm,glm-5,api-pinned-2026-07-02,synthetic_jump_tail_c0_v0_3,C0,31,1,True,False,False,0,False,False
trellm-v0.3-iclr-protocol,sha256:2d79e49e496e327107b51dbf6110a0bf608a9b3585c797d0c2f3a6295cfb5f62,deepseek,deepseek-v4-flash,api-pinned-2026-07-02,synthetic_calm_trend_c0_v0_3,C0,47,2,True,True,True,4,False,False
trellm-v0.3-iclr-protocol,sha256:2d94c8fd551ea6e7ef2bb41275337444e7b7d13e8301ed2215cd333f1397dd5a,deepseek,deepseek-v4-pro,api-pinned-2026-07-02,synthetic_calm_trend_c0_v0_3,C0,37,1,True,True,True,-1,False,True
trellm-v0.3-iclr-protocol,sha256:2e8e50039c49002c232b2ca2166349281fcba8b0c7e818549b5104c0249f06cd,glm,glm-5-turbo,api-pinned-2026-07-06,synthetic_high_volatility_c0_v0_3,C0,43,2,True,False,False,0,False,False
trellm-v0.3-iclr-protocol,sha256:2f2c847fd4ef9800c472f9e31a4be27b7ff31bf71e991966f6022ac7807dc55a,glm,glm-5,api-pinned-2026-07-02,synthetic_calm_trend_c0_v0_3,C0,47,1,True,True,True,1,False,False
trellm-v0.3-iclr-protocol,sha256:2f76f4f34741f5093d2c214b5961bd962b832ca312c809a43fa14b80684555f0,deepseek,deepseek-v4-flash,api-pinned-2026-07-02,synthetic_jump_tail_c0_v0_3,C0,7,2,True,True,True,1,False,False
trellm-v0.3-iclr-protocol,sha256:3020cb2e71af667612fc1d47a3cfd35f603400de82622c76913e6aac8593bd72,deepseek,deepseek-v4-flash,api-pinned-2026-07-02,synthetic_high_volatility_c0_v0_3,C0,11,1,True,False,False,0,False,False
trellm-v0.3-iclr-protocol,sha256:3170a49c6e4b83195bb88e0ff0a107a79284f83e832b59e2f7411b38a6107af8,glm,glm-5-turbo,api-pinned-2026-07-06,synthetic_jump_tail_c0_v0_3,C0,53,1,True,False,False,0,False,False
trellm-v0.3-iclr-protocol,sha256:323507b0eeb656d08403020f7a693c6490137aaf8ec3b60f98a8760c4565cdd7,glm,glm-5.2,api-pinned-2026-07-06,synthetic_high_volatility_c0_v0_3,C0,43,0,True,False,False,0,False,False
trellm-v0.3-iclr-protocol,sha256:32fa4f8b012c62bf3117152f1634775eb38478ceac58eb04116af5284761454d,glm,glm-5-turbo,api-pinned-2026-07-06,synthetic_calm_trend_c0_v0_3,C0,53,0,True,False,False,0,False,False
trellm-v0.3-iclr-protocol,sha256:330721d471ccd849a36fffc54c186f625cc30a673954493bc8d79338ba16c9b4,glm,glm-5.2,api-pinned-2026-07-06,synthetic_calm_trend_c0_v0_3,C0,7,2,True,False,False,0,False,False
trellm-v0.3-iclr-protocol,sha256:33309714196545cd0cedd6f5d3131a528abde664c319ce4eab4403b1bd102b80,deepseek,deepseek-v4-flash,api-pinned-2026-07-02,synthetic_calm_trend_c0_v0_3,C0,37,2,True,False,False,0,False,False
trellm-v0.3-iclr-protocol,sha256:33bd873cbb4443257eacfd14c05cfc5918026e1ce0b022f6d3b3a225e08a4e45,deepseek,deepseek-v4-pro,api-pinned-2026-07-02,synthetic_high_volatility_c0_v0_3,C0,53,2,True,True,True,-1,False,True
trellm-v0.3-iclr-protocol,sha256:3506057b576c1422cb712be798dfcb1cd58c09b79e7489ddbd28996875414691,glm,glm-5,api-pinned-2026-07-02,synthetic_high_volatility_c0_v0_3,C0,23,2,True,True,True,1,False,False
trellm-v0.3-iclr-protocol,sha256:35477038dbf814136d7e9ce303cb413594a54437d2e61049a7c600b0870ce2f8,deepseek,deepseek-v4-flash,api-pinned-2026-07-02,synthetic_calm_trend_c0_v0_3,C0,31,2,True,True,True,2,False,False
trellm-v0.3-iclr-protocol,sha256:35753c4dba7102460b293be4075227c9a3f817121e4e77c7041c194c18db4a8c,deepseek,deepseek-v4-flash,api-pinned-2026-07-02,synthetic_jump_tail_c0_v0_3,C0,41,0,True,True,True,1,False,False
trellm-v0.3-iclr-protocol,sha256:3675d02387e76deeb021f65b2928367661e45df8477b54d43fe59fcca501ed96,deepseek,deepseek-v4-flash,api-pinned-2026-07-02,synthetic_calm_trend_c0_v0_3,C0,23,2,True,True,True,3,False,False
trellm-v0.3-iclr-protocol,sha256:37de57da313c27ddb919eb04eb5273655d62951f5009e527acb0bcd756baac61,glm,glm-5,api-pinned-2026-07-02,synthetic_calm_trend_c0_v0_3,C0,23,1,True,False,False,0,False,False
trellm-v0.3-iclr-protocol,sha256:37f275b9eca8f2a38a1eebd76bdb0a3b67e53fbbd0018bc9920b702bc1af1664,glm,glm-5-turbo,api-pinned-2026-07-06,synthetic_high_volatility_c0_v0_3,C0,47,0,True,True,True,1,False,False
trellm-v0.3-iclr-protocol,sha256:3927af72a1952abcd957d02078e8ae08b74cbbe01d8fed71033ef71ea58aa597,deepseek,deepseek-v4-pro,api-pinned-2026-07-02,synthetic_jump_tail_c0_v0_3,C0,53,2,True,True,True,-1,False,True
trellm-v0.3-iclr-protocol,sha256:3a0e1ef31157de56a99b6355805d70cf75c50bdb74b0582f2caa9d0569fdcad2,deepseek,deepseek-v4-flash,api-pinned-2026-07-02,synthetic_high_volatility_c0_v0_3,C0,47,0,True,True,True,1,False,False
trellm-v0.3-iclr-protocol,sha256:3a88aed8bb00ff1b44fd6d37273162886417e4ca2a4225f87ee20633ec558d09,glm,glm-5,api-pinned-2026-07-02,synthetic_calm_trend_c0_v0_3,C0,47,2,True,False,False,0,False,False
trellm-v0.3-iclr-protocol,sha256:3b023fd30554027a2d6cd8e0ca260882ea3012aa3a419ef1e5fd391f0b8ed38d,deepseek,deepseek-v4-pro,api-pinned-2026-07-02,synthetic_jump_tail_c0_v0_3,C0,41,0,True,True,True,-1,False,True
trellm-v0.3-iclr-protocol,sha256:3c52b9e7cda9a819057c9c6fdedb76fb6b04fd290627bfe79e05b8c2e2c39fca,glm,glm-5.2,api-pinned-2026-07-06,synthetic_jump_tail_c0_v0_3,C0,23,1,True,False,False,0,False,False
trellm-v0.3-iclr-protocol,sha256:3d0b0c153da40496dbda51e6f5ded730744b1617540abdfae5b923bb982ff104,glm,glm-5-turbo,api-pinned-2026-07-06,synthetic_calm_trend_c0_v0_3,C0,31,1,True,True,True,1,False,False
trellm-v0.3-iclr-protocol,sha256:3ddd218ecfd8299140911a24b7459bdaeb32ac4b95dd86fabeabef6259942a4b,deepseek,deepseek-v4-flash,api-pinned-2026-07-02,synthetic_high_volatility_c0_v0_3,C0,53,2,True,True,True,1,False,False
trellm-v0.3-iclr-protocol,sha256:3ee0ad9d43a33ba350f05bf5a7a5a4a8df80221ed2ed467dfcb206b13262d5dc,deepseek,deepseek-v4-flash,api-pinned-2026-07-02,synthetic_high_volatility_c0_v0_3,C0,53,0,True,True,True,1,False,False
trellm-v0.3-iclr-protocol,sha256:3fd837b587e8f31adf414ae33221d735be7f07231fdf0749d6791313036ab008,glm,glm-5,api-pinned-2026-07-02,synthetic_high_volatility_c0_v0_3,C0,31,0,True,False,False,0,False,False
trellm-v0.3-iclr-protocol,sha256:41956686bb8253c5efb3efdd07709c25d8e691c35c3ec4891211ee078b229f15,glm,glm-5.2,api-pinned-2026-07-06,synthetic_calm_trend_c0_v0_3,C0,47,1,True,False,False,0,False,False
trellm-v0.3-iclr-protocol,sha256:419eb52982d2ce911e9d4bb7748e60bb80e9983f251790108d886ff9ebb0f828,glm,glm-5-turbo,api-pinned-2026-07-06,synthetic_jump_tail_c0_v0_3,C0,41,0,True,False,False,0,False,False
trellm-v0.3-iclr-protocol,sha256:41a7744926ee019a9809e6b636b30eb2e538d433398322090bb429e1a6c64b8a,glm,glm-5-turbo,api-pinned-2026-07-06,synthetic_high_volatility_c0_v0_3,C0,43,1,True,True,True,1,False,False
trellm-v0.3-iclr-protocol,sha256:41f9eb8cbb7f354bc6a001c5f4b193af6cf38d89b699a618000fad3d150992bc,deepseek,deepseek-v4-pro,api-pinned-2026-07-02,synthetic_high_volatility_c0_v0_3,C0,37,0,True,True,True,-1,False,True
trellm-v0.3-iclr-protocol,sha256:424e075b96d28893d8a90a0e39501fb9310d088ee96fe6c0c8c4efb39a77b5cc,deepseek,deepseek-v4-pro,api-pinned-2026-07-02,synthetic_jump_tail_c0_v0_3,C0,43,2,True,False,True,-1,False,True
trellm-v0.3-iclr-protocol,sha256:4297963bf03974c831f280f20ecd1d1bcb960b5969484985aae5fed650a09016,deepseek,deepseek-v4-pro,api-pinned-2026-07-02,synthetic_high_volatility_c0_v0_3,C0,47,1,True,True,True,-1,False,True
trellm-v0.3-iclr-protocol,sha256:42c984c524207fb405aa0236602fc2e04c381e5ae14c73ef62ddd22e2d430b3f,deepseek,deepseek-v4-flash,api-pinned-2026-07-02,synthetic_jump_tail_c0_v0_3,C0,31,2,True,True,True,1,False,False
trellm-v0.3-iclr-protocol,sha256:42e64bcc024b5183186a88b80753d8cb0eca30d31fa79ed052dc51c27bd22968,glm,glm-5.2,api-pinned-2026-07-06,synthetic_high_volatility_c0_v0_3,C0,17,1,True,False,False,0,False,False
trellm-v0.3-iclr-protocol,sha256:432061a4438061c6f8b85d40e6e1d8362875a5e90c4a71dc0a376858fdca1f6e,deepseek,deepseek-v4-flash,api-pinned-2026-07-02,synthetic_calm_trend_c0_v0_3,C0,41,2,True,False,False,0,False,False
trellm-v0.3-iclr-protocol,sha256:43649115a8d9fa3c46c199ef71dbf77720e6dfa158be6e570ccfcf37a9026384,deepseek,deepseek-v4-flash,api-pinned-2026-07-02,synthetic_calm_trend_c0_v0_3,C0,37,0,True,False,False,0,False,False
trellm-v0.3-iclr-protocol,sha256:43eedebcdde9a5db35a712338bda6685da4fc4ed122e8e5477b5779c4e5f87ef,glm,glm-5.2,api-pinned-2026-07-06,synthetic_jump_tail_c0_v0_3,C0,17,1,True,False,False,0,False,False
trellm-v0.3-iclr-protocol,sha256:44b82107e3be109c7d72ca42c19b8caca49a14d8f5c3114d5aaaf28cd09aec10,deepseek,deepseek-v4-pro,api-pinned-2026-07-02,synthetic_calm_trend_c0_v0_3,C0,47,1,True,True,True,-1,False,True
trellm-v0.3-iclr-protocol,sha256:44cade884bf22e6f894e6cafd24b84260e1e6612e50a19ee95aef294c2e7d298,glm,glm-5,api-pinned-2026-07-02,synthetic_jump_tail_c0_v0_3,C0,11,1,True,True,True,1,False,False
trellm-v0.3-iclr-protocol,sha256:44db39cf39c4a39530f24e005889432d30fda5a5fbffbe1ecd196f71f855861f,glm,glm-5-turbo,api-pinned-2026-07-06,synthetic_calm_trend_c0_v0_3,C0,7,2,True,True,True,1,False,False
trellm-v0.3-iclr-protocol,sha256:45e77f32495b397b814059818536020de6d39b03d4f1fc4490a8ba43a4b77a5c,deepseek,deepseek-v4-flash,api-pinned-2026-07-02,synthetic_calm_trend_c0_v0_3,C0,47,0,True,True,True,6,False,False
trellm-v0.3-iclr-protocol,sha256:473116611bc51a0b32cae74c94e61a9f6a9be57f5aa1194da3c4fd295087c52c,glm,glm-5.2,api-pinned-2026-07-06,synthetic_jump_tail_c0_v0_3,C0,11,1,True,False,False,0,False,False
trellm-v0.3-iclr-protocol,sha256:47d6ad3132281eec04dc7778cbf59322f1ce9570dec8e53786827d0cd9ea3f29,glm,glm-5-turbo,api-pinned-2026-07-06,synthetic_high_volatility_c0_v0_3,C0,41,2,True,False,False,0,False,False
trellm-v0.3-iclr-protocol,sha256:48499e94a7810eac635353d84ead59d9abafd4e355a2e4ea6f0bdcac17b0acb4,glm,glm-5-turbo,api-pinned-2026-07-06,synthetic_jump_tail_c0_v0_3,C0,47,1,True,True,True,1,False,False
trellm-v0.3-iclr-protocol,sha256:495c5b9cb542ed2eac6ec57b55a4ee780eee7aa08ec8ecd0d4c68cec2d64da94,glm,glm-5-turbo,api-pinned-2026-07-06,synthetic_jump_tail_c0_v0_3,C0,41,1,True,False,False,0,False,False
trellm-v0.3-iclr-protocol,sha256:4982f2db76959d4b5e36878a2f652a98ffad6304f263d68a7c795d4f2b811e5c,glm,glm-5-turbo,api-pinned-2026-07-06,synthetic_high_volatility_c0_v0_3,C0,41,1,True,True,True,1,False,False
trellm-v0.3-iclr-protocol,sha256:4a1d6180ad674d2df7f6bd9b186ebaab8439fb14e92fe204a5013c4725561c13,deepseek,deepseek-v4-flash,api-pinned-2026-07-02,synthetic_jump_tail_c0_v0_3,C0,47,0,True,False,False,0,False,False
trellm-v0.3-iclr-protocol,sha256:4d0480328b3e77c55493ae1f216936ef99cf17042587cd53dada907a4244fdbd,glm,glm-5.2,api-pinned-2026-07-06,synthetic_calm_trend_c0_v0_3,C0,37,0,True,False,True,1,False,False
trellm-v0.3-iclr-protocol,sha256:4d6fc463af064a47d0f8420fe448ba1ca774de0dc228423a128df3fdace672b1,deepseek,deepseek-v4-pro,api-pinned-2026-07-02,synthetic_calm_trend_c0_v0_3,C0,37,2,True,True,True,-1,False,True
trellm-v0.3-iclr-protocol,sha256:4daaa96b0e445ffe7bceb4e7bfd9ba71342851880af18f906cdb0317402ed6b2,glm,glm-5,api-pinned-2026-07-02,synthetic_calm_trend_c0_v0_3,C0,11,0,True,False,False,0,False,False
trellm-v0.3-iclr-protocol,sha256:4dbf4230e8273d82af4992d939bc5663e9f65646ff3a61d17828d85f14a3a7b5,deepseek,deepseek-v4-flash,api-pinned-2026-07-02,synthetic_high_volatility_c0_v0_3,C0,47,1,True,False,True,3,False,False
trellm-v0.3-iclr-protocol,sha256:4f7605b16a28fad896957e481409925370caff32af14fed42c8a4a12023a51b8,glm,glm-5.2,api-pinned-2026-07-06,synthetic_jump_tail_c0_v0_3,C0,31,2,True,False,False,0,False,False
trellm-v0.3-iclr-protocol,sha256:4fb05ae26f4eb5b48ef9ee4d6d9309ed351d08d4fa8d3fd4e9567fd501e72925,glm,glm-5.2,api-pinned-2026-07-06,synthetic_calm_trend_c0_v0_3,C0,7,1,True,False,False,0,False,False
trellm-v0.3-iclr-protocol,sha256:4fee2e6d5b6d62a7ace6692b98b9b19218f790f4f87598b1ab2f109dc108e0fe,deepseek,deepseek-v4-flash,api-pinned-2026-07-02,synthetic_jump_tail_c0_v0_3,C0,7,1,True,False,False,0,False,False
trellm-v0.3-iclr-protocol,sha256:50966e95c44ee190a4fd4889f58da88329985b81d174b1aca126ab5eefb0060b,glm,glm-5,api-pinned-2026-07-02,synthetic_calm_trend_c0_v0_3,C0,7,0,True,False,False,0,False,False
trellm-v0.3-iclr-protocol,sha256:5119a1266f0719464ff5787b70c824c7e8f3c80680bb5883ae60d236d6916f54,glm,glm-5,api-pinned-2026-07-02,synthetic_jump_tail_c0_v0_3,C0,23,1,True,True,True,1,False,False
trellm-v0.3-iclr-protocol,sha256:51fad867708a2fb3addc971e143193779d3a50851897c1e295489d1fc46a0cec,glm,glm-5,api-pinned-2026-07-02,synthetic_jump_tail_c0_v0_3,C0,47,2,True,False,False,0,False,False
trellm-v0.3-iclr-protocol,sha256:52099d5afb37ac87df086eb6057e8d0580279b2f62be11bd79ec06426333698c,deepseek,deepseek-v4-pro,api-pinned-2026-07-02,synthetic_jump_tail_c0_v0_3,C0,31,1,True,True,True,-1,False,True
trellm-v0.3-iclr-protocol,sha256:52f859e889f042c3b100f7f4ef1d4fa8ab237bb7f04849b228130e3ab7feba94,deepseek,deepseek-v4-pro,api-pinned-2026-07-02,synthetic_calm_trend_c0_v0_3,C0,7,0,True,True,True,-1,True,True
trellm-v0.3-iclr-protocol,sha256:53041623f9e594e31691983fcdc29534a11fdd43a0a17082bc4016752eca6d3f,deepseek,deepseek-v4-pro,api-pinned-2026-07-02,synthetic_calm_trend_c0_v0_3,C0,23,1,True,True,True,-1,False,True
trellm-v0.3-iclr-protocol,sha256:53547f0fc161bab748f84e65d0ddbe3efe1e5ff60f22e1f2ed56579bd3bd07ad,deepseek,deepseek-v4-pro,api-pinned-2026-07-02,synthetic_jump_tail_c0_v0_3,C0,23,1,True,False,True,-1,False,True
trellm-v0.3-iclr-protocol,sha256:538c9c5945e9570cf940876c0c4d892e00ffe8ba1c6524e7705c8324015c6eaa,glm,glm-5,api-pinned-2026-07-02,synthetic_jump_tail_c0_v0_3,C0,11,2,True,True,True,1,False,False
trellm-v0.3-iclr-protocol,sha256:54d5e6c6aa3667b028d10d4a4bb4e607355127f4019e0b4d330a52794c54522f,deepseek,deepseek-v4-pro,api-pinned-2026-07-02,synthetic_jump_tail_c0_v0_3,C0,17,1,True,True,True,-1,False,True
trellm-v0.3-iclr-protocol,sha256:54f96ed6696a9844faace708885859c5cfe0cfd5fdff66c1f628ed42d27941ff,deepseek,deepseek-v4-pro,api-pinned-2026-07-02,synthetic_jump_tail_c0_v0_3,C0,37,0,True,True,True,-1,False,True
trellm-v0.3-iclr-protocol,sha256:55505a76dccfd3a76cbabcfc8b3039203b4534a7b269a7a534268affae1c1c37,glm,glm-5,api-pinned-2026-07-02,synthetic_high_volatility_c0_v0_3,C0,47,1,True,False,False,0,False,False
trellm-v0.3-iclr-protocol,sha256:5631c48fd78197db815775adc84df57793caf1609fce0f83b1009a314322c767,deepseek,deepseek-v4-flash,api-pinned-2026-07-02,synthetic_jump_tail_c0_v0_3,C0,11,0,True,True,True,1,False,False
trellm-v0.3-iclr-protocol,sha256:579a114da99c28391406e3759a871bcdecc292ad8b36401229d3254d1024a76d,deepseek,deepseek-v4-flash,api-pinned-2026-07-02,synthetic_jump_tail_c0_v0_3,C0,23,0,True,True,True,1,False,False
trellm-v0.3-iclr-protocol,sha256:57cb92a6eba43f8c2656c6abe9dd718123bdffc1b1a0798b11c8ab5c98479332,deepseek,deepseek-v4-pro,api-pinned-2026-07-02,synthetic_high_volatility_c0_v0_3,C0,7,1,True,True,True,-1,False,True
trellm-v0.3-iclr-protocol,sha256:57ed662e1c29133a8118750ea73fcfb851b06fd72129a30496ade4391f79f0e3,glm,glm-5.2,api-pinned-2026-07-06,synthetic_jump_tail_c0_v0_3,C0,23,0,True,False,False,0,False,False
trellm-v0.3-iclr-protocol,sha256:57fb9f044281193d92844fa99e534225bc71f708039d5c9e63bac9190158b965,deepseek,deepseek-v4-pro,api-pinned-2026-07-02,synthetic_high_volatility_c0_v0_3,C0,31,0,True,True,True,-1,False,True
trellm-v0.3-iclr-protocol,sha256:58814460c90d1ce69cb17d56b8843521482a9681d6496f459689b21f2b4a3953,glm,glm-5-turbo,api-pinned-2026-07-06,synthetic_calm_trend_c0_v0_3,C0,23,2,True,False,False,0,False,False
trellm-v0.3-iclr-protocol,sha256:5902cd3c247e2a54e646bf6f2846aeaeca2f2c04cabf5acb7963bf93b49bd769,glm,glm-5.2,api-pinned-2026-07-06,synthetic_jump_tail_c0_v0_3,C0,53,1,True,False,True,1,False,False
trellm-v0.3-iclr-protocol,sha256:592e77842186b90c00b678576e58e0ab24e63962c6114c50a056728dc20f8dfe,glm,glm-5-turbo,api-pinned-2026-07-06,synthetic_high_volatility_c0_v0_3,C0,11,0,True,True,True,1,False,False
trellm-v0.3-iclr-protocol,sha256:5944b4deca843128a9c20cb0a5cb2f612c950f5912a0eb7126b12f864cddfbfd,glm,glm-5,api-pinned-2026-07-02,synthetic_high_volatility_c0_v0_3,C0,7,1,True,False,False,0,False,False
trellm-v0.3-iclr-protocol,sha256:5a7966adc4a517e5d0eb710173b128f31927d986f5445402f0b19b7ee9645ac0,glm,glm-5-turbo,api-pinned-2026-07-06,synthetic_calm_trend_c0_v0_3,C0,17,2,True,False,False,0,False,False
trellm-v0.3-iclr-protocol,sha256:5b5c9073a99bcbf7463a8a2c1d612ba231d0c444d9d97ffbb22261dcc9c77b4d,glm,glm-5,api-pinned-2026-07-02,synthetic_high_volatility_c0_v0_3,C0,7,0,True,True,True,1,False,False
trellm-v0.3-iclr-protocol,sha256:5cdeb87cfa1f034a87458e4be305f51656ba4e2f3ed723ef045b4d4a340081cb,deepseek,deepseek-v4-pro,api-pinned-2026-07-02,synthetic_high_volatility_c0_v0_3,C0,43,0,True,True,True,-1,False,True
trellm-v0.3-iclr-protocol,sha256:5cf7d7c38d96958b1aeb5d11372d36ebfc52d3d18267f6fe25fcec5aaea06aa8,glm,glm-5.2,api-pinned-2026-07-06,synthetic_jump_tail_c0_v0_3,C0,17,0,True,False,False,0,False,False
trellm-v0.3-iclr-protocol,sha256:5d37ede6800e7f1c3ad559030dfdb34fbb18d2185b3f063f7ca2ed129987ad5b,glm,glm-5,api-pinned-2026-07-02,synthetic_high_volatility_c0_v0_3,C0,17,1,True,False,False,0,False,False
trellm-v0.3-iclr-protocol,sha256:5d53020db0e4363cc6379596e82706859fccec11fe8e64992435e19bf0ffa271,deepseek,deepseek-v4-flash,api-pinned-2026-07-02,synthetic_high_volatility_c0_v0_3,C0,43,1,True,True,True,1,False,False
trellm-v0.3-iclr-protocol,sha256:5e8e1960eda8474978bf360c4accad66dd2fbf1da1b2864ee453c02a62e417bb,deepseek,deepseek-v4-pro,api-pinned-2026-07-02,synthetic_high_volatility_c0_v0_3,C0,47,0,True,True,True,-1,False,True
trellm-v0.3-iclr-protocol,sha256:5ebbf9ebd25ac8d5e2f13922b19f3d505d7b4e3240df1538040c5427f8460713,deepseek,deepseek-v4-pro,api-pinned-2026-07-02,synthetic_jump_tail_c0_v0_3,C0,43,0,True,True,True,-1,False,True
trellm-v0.3-iclr-protocol,sha256:5eddc3d8bb295910871fb1cce952e6e6c9cbbfaa7df6d64cf2fcd844d7b5addc,deepseek,deepseek-v4-pro,api-pinned-2026-07-02,synthetic_jump_tail_c0_v0_3,C0,17,2,True,True,True,-1,True,True
trellm-v0.3-iclr-protocol,sha256:5f2730f1c4b219df39865bbe7780907396829b4b26eb1a2c889cd77b0c7d7a21,glm,glm-5,api-pinned-2026-07-02,synthetic_calm_trend_c0_v0_3,C0,41,2,True,True,True,1,False,False
trellm-v0.3-iclr-protocol,sha256:60093823a0d369fe830f13c4683b2d0c7f2c3eff4ee8abdf62809e139ce7639d,deepseek,deepseek-v4-pro,api-pinned-2026-07-02,synthetic_high_volatility_c0_v0_3,C0,11,0,True,True,True,-1,False,True
trellm-v0.3-iclr-protocol,sha256:61350f13ba1ab58be14aeadee3b9161ff80603fb00bfdc374302846a89bec7d6,glm,glm-5.2,api-pinned-2026-07-06,synthetic_jump_tail_c0_v0_3,C0,47,1,True,False,False,0,False,False
trellm-v0.3-iclr-protocol,sha256:61f6a133e4cf7c6986b3ce557a9d04379d6d13c36517015ff66fce005909e736,deepseek,deepseek-v4-pro,api-pinned-2026-07-02,synthetic_high_volatility_c0_v0_3,C0,11,2,True,False,True,-1,False,True
trellm-v0.3-iclr-protocol,sha256:629d40d2d61055b9303b31bd2c2c84987cc7f2ae88e20a0d7c49dab60db94b3e,glm,glm-5.2,api-pinned-2026-07-06,synthetic_calm_trend_c0_v0_3,C0,41,0,True,False,False,0,False,False
trellm-v0.3-iclr-protocol,sha256:629da8adffe2d4bbbcb439dea809ca42f50ec4e3eb80771b8a1ec0068caed672,glm,glm-5-turbo,api-pinned-2026-07-06,synthetic_jump_tail_c0_v0_3,C0,31,2,True,True,True,1,False,False
trellm-v0.3-iclr-protocol,sha256:62b0765b4e13db1a552b566dacf9b8ebbcffa5df501021da8d01aacdb614105e,glm,glm-5.2,api-pinned-2026-07-06,synthetic_high_volatility_c0_v0_3,C0,37,0,True,False,False,0,False,False
trellm-v0.3-iclr-protocol,sha256:630e2f3d65515b27c689e8c8f0927ebda04a62270785f40fc568e73742dbf992,deepseek,deepseek-v4-flash,api-pinned-2026-07-02,synthetic_jump_tail_c0_v0_3,C0,43,1,True,True,True,1,False,False
trellm-v0.3-iclr-protocol,sha256:6368d4ab44ece3aa15dbab9ae9e1eea023127248afb71aefe7c7322f9fb59bc1,deepseek,deepseek-v4-pro,api-pinned-2026-07-02,synthetic_jump_tail_c0_v0_3,C0,23,0,True,True,True,-1,False,True
trellm-v0.3-iclr-protocol,sha256:646455d72a75d41e5c05bfdce01363dcd8c4f297c2af7ae90340ebc78c67cb99,glm,glm-5.2,api-pinned-2026-07-06,synthetic_high_volatility_c0_v0_3,C0,43,1,True,False,False,0,False,False
trellm-v0.3-iclr-protocol,sha256:65c7cdfc730f6359dcfda9a6fef7bc3a1108f642aac0b52149ee788a75602e56,deepseek,deepseek-v4-flash,api-pinned-2026-07-02,synthetic_jump_tail_c0_v0_3,C0,53,0,True,False,False,0,False,False
trellm-v0.3-iclr-protocol,sha256:6646c151c6ff4b98b774d3df3d8391ac3e95d19cc7b7116175bd1e1b494fe99f,deepseek,deepseek-v4-flash,api-pinned-2026-07-02,synthetic_calm_trend_c0_v0_3,C0,7,1,True,False,False,0,False,False
trellm-v0.3-iclr-protocol,sha256:671063337e5504254a3b40ee72750a7dd14f09cb27973ad445fa5b9d36f88af1,glm,glm-5,api-pinned-2026-07-02,synthetic_high_volatility_c0_v0_3,C0,11,2,True,False,False,0,False,False
trellm-v0.3-iclr-protocol,sha256:672c6e321465d9ee475dd34b279a90b1315094b9318ec995688827c42b29ef6f,glm,glm-5-turbo,api-pinned-2026-07-06,synthetic_calm_trend_c0_v0_3,C0,43,0,True,True,True,1,False,False
trellm-v0.3-iclr-protocol,sha256:674e4ee281e9eae44145a99e54380da417bfd464f3983b87ca30c649dfdf5243,glm,glm-5.2,api-pinned-2026-07-06,synthetic_high_volatility_c0_v0_3,C0,47,2,True,False,False,0,False,False
trellm-v0.3-iclr-protocol,sha256:6848fe12202208f3f76d2c5915c91832cae2c7c8b8ac4dd14362ca59cdf10b84,glm,glm-5-turbo,api-pinned-2026-07-06,synthetic_calm_trend_c0_v0_3,C0,31,0,True,False,False,0,False,False
trellm-v0.3-iclr-protocol,sha256:68823a125f277fd40603caea8fb266231d032c09062e58e9a97cf06c65793bd6,glm,glm-5,api-pinned-2026-07-02,synthetic_high_volatility_c0_v0_3,C0,43,0,True,True,True,1,False,False
trellm-v0.3-iclr-protocol,sha256:6945b2bbeb71b982638b4771574f99a84c195536308959bdc5e7d606e92f118c,glm,glm-5.2,api-pinned-2026-07-06,synthetic_jump_tail_c0_v0_3,C0,43,1,True,False,False,0,False,False
trellm-v0.3-iclr-protocol,sha256:69fab1c54ab312fce65fe9bef58e16fc243cf45a52d57d4b6a30b71204ced6ed,glm,glm-5,api-pinned-2026-07-02,synthetic_jump_tail_c0_v0_3,C0,17,0,True,False,False,0,False,False
trellm-v0.3-iclr-protocol,sha256:6ab1148f13232e875be001a4f5c7d1ed9449b4ba7df17854cdeef357a11fe6a5,glm,glm-5-turbo,api-pinned-2026-07-06,synthetic_high_volatility_c0_v0_3,C0,11,1,True,False,False,0,False,False
trellm-v0.3-iclr-protocol,sha256:6accc953504a9333ce460a59ced260f9299f9ba4cf2014116db7ab10937d6927,glm,glm-5.2,api-pinned-2026-07-06,synthetic_jump_tail_c0_v0_3,C0,53,2,True,False,False,0,False,False
trellm-v0.3-iclr-protocol,sha256:6af2fe3a153de04a9e8d03de1067d7917f7a66b0f91cecdd7fb1c085697e267b,deepseek,deepseek-v4-pro,api-pinned-2026-07-02,synthetic_calm_trend_c0_v0_3,C0,31,0,True,True,True,-1,False,True
trellm-v0.3-iclr-protocol,sha256:6bcf7107b5ff3b4d4e0668c3f03dae8cdeff8d23c1d3b39698510cf9cdd58ef2,deepseek,deepseek-v4-pro,api-pinned-2026-07-02,synthetic_high_volatility_c0_v0_3,C0,37,2,True,True,True,-1,False,True
trellm-v0.3-iclr-protocol,sha256:6c5271eaa4237e2d84823133baa3f4188091aa9762e97a6f19380064556af085,deepseek,deepseek-v4-flash,api-pinned-2026-07-02,synthetic_jump_tail_c0_v0_3,C0,53,2,True,True,True,1,False,False
trellm-v0.3-iclr-protocol,sha256:6d222265439f62ed92b66ede29a91149910c90a380eb3303f01d8eefcd4b262c,glm,glm-5.2,api-pinned-2026-07-06,synthetic_calm_trend_c0_v0_3,C0,47,2,True,True,True,1,False,False
trellm-v0.3-iclr-protocol,sha256:6d34688809f47dc709df793a48cda14caaf11a49a0952d21e4daae0b2cc9f9f9,deepseek,deepseek-v4-flash,api-pinned-2026-07-02,synthetic_calm_trend_c0_v0_3,C0,23,1,True,False,False,0,False,False
trellm-v0.3-iclr-protocol,sha256:6ed553faa7fafad2b673c5f41d7c0498f2d2157753ab7d4c75a6802ce34e5b1f,deepseek,deepseek-v4-flash,api-pinned-2026-07-02,synthetic_jump_tail_c0_v0_3,C0,17,2,True,True,True,2,False,False
trellm-v0.3-iclr-protocol,sha256:6f06ab8911640955c72e3d5c48c4124f458ea46135838a769e75b60f19a35a39,glm,glm-5-turbo,api-pinned-2026-07-06,synthetic_calm_trend_c0_v0_3,C0,23,1,True,False,False,0,False,False
trellm-v0.3-iclr-protocol,sha256:6f138470ea53430e48a588844a3c3595132b9f83840728504c194e4d7e9dfd10,glm,glm-5,api-pinned-2026-07-02,synthetic_calm_trend_c0_v0_3,C0,7,1,True,False,False,0,False,False
trellm-v0.3-iclr-protocol,sha256:6f455ee7c0a2c9bbf7ef632d3e2f9c0ee741ef390567f110cbbfbec8b54b9b6a,glm,glm-5-turbo,api-pinned-2026-07-06,synthetic_calm_trend_c0_v0_3,C0,37,0,True,False,False,0,False,False
trellm-v0.3-iclr-protocol,sha256:6f6c1152f318243c3fed8f23eeea84256dedf492bd0223f10fc9c89147adc01f,deepseek,deepseek-v4-flash,api-pinned-2026-07-02,synthetic_jump_tail_c0_v0_3,C0,17,1,True,True,True,2,False,False
trellm-v0.3-iclr-protocol,sha256:6fb1585946c05fcc43a6c67020cbabe2c68fd4ac45705934180e5f2ca2139db8,glm,glm-5-turbo,api-pinned-2026-07-06,synthetic_jump_tail_c0_v0_3,C0,7,0,True,False,False,0,False,False
trellm-v0.3-iclr-protocol,sha256:6fc3c8a15b26f3691b6335e06e5b246bd635f40213dc93e30f2f17e92c5ae3b1,glm,glm-5.2,api-pinned-2026-07-06,synthetic_high_volatility_c0_v0_3,C0,53,1,True,False,True,1,False,False
trellm-v0.3-iclr-protocol,sha256:713f867d69defe0c2b0e30ed610ac224cd6157ff5a2ee0d791dad95d1268225c,deepseek,deepseek-v4-pro,api-pinned-2026-07-02,synthetic_high_volatility_c0_v0_3,C0,23,0,True,True,True,-1,False,True
trellm-v0.3-iclr-protocol,sha256:7153ca521c7d96c2fc195c24f9ef30706899ccdfc3825bd2a21751a8823fa3a0,deepseek,deepseek-v4-pro,api-pinned-2026-07-02,synthetic_calm_trend_c0_v0_3,C0,43,2,True,True,True,-1,False,True
trellm-v0.3-iclr-protocol,sha256:7178988a5d4ad3b80b233e9dda54ae35325896a5a6a79534b0a4ff9485f9ab7e,glm,glm-5.2,api-pinned-2026-07-06,synthetic_jump_tail_c0_v0_3,C0,37,2,True,False,False,0,False,False
trellm-v0.3-iclr-protocol,sha256:726042d4a9cd941174e3da9fa781aebd5ac421b8b9a4e38327e81bfbc58f95d2,deepseek,deepseek-v4-flash,api-pinned-2026-07-02,synthetic_high_volatility_c0_v0_3,C0,7,2,True,True,True,1,False,False
trellm-v0.3-iclr-protocol,sha256:72f9a70ef526713b9bc6e89e4ae4590b0284d99ea8c6f7a8723a4dc7d9043596,glm,glm-5,api-pinned-2026-07-02,synthetic_calm_trend_c0_v0_3,C0,31,1,True,False,False,0,False,False
trellm-v0.3-iclr-protocol,sha256:7369dcafbbb559ffcabec6aaa4d155f952f25dd4be9dd66e7347fce52d2e0035,glm,glm-5.2,api-pinned-2026-07-06,synthetic_calm_trend_c0_v0_3,C0,43,1,True,False,True,1,False,False
trellm-v0.3-iclr-protocol,sha256:74bc52e4125552c4c200825308e164049fa931de0f97f19e301134adefb8fec0,deepseek,deepseek-v4-flash,api-pinned-2026-07-02,synthetic_calm_trend_c0_v0_3,C0,7,2,True,True,True,1,False,False
trellm-v0.3-iclr-protocol,sha256:76d3ab53f05060f025328059f799f26feb5d1e0a32f9e80d29957d7a624a1d4a,glm,glm-5-turbo,api-pinned-2026-07-06,synthetic_jump_tail_c0_v0_3,C0,17,0,True,True,True,1,False,False
trellm-v0.3-iclr-protocol,sha256:770885f233ba51e0a987626774907462c0c7de731f74f7b0637ed16685191c59,deepseek,deepseek-v4-flash,api-pinned-2026-07-02,synthetic_jump_tail_c0_v0_3,C0,11,1,True,True,True,4,False,False
trellm-v0.3-iclr-protocol,sha256:77e36a11a2c52d79ea8be09434cc22c670f7471d9dd5b1effbc1cd0e433a5c65,glm,glm-5-turbo,api-pinned-2026-07-06,synthetic_high_volatility_c0_v0_3,C0,53,0,True,False,False,0,False,False
trellm-v0.3-iclr-protocol,sha256:780a14edc2cd9ce3d9354c296e5c4ff078bb20e5f3564bc60f17ecaeb81db686,glm,glm-5,api-pinned-2026-07-02,synthetic_high_volatility_c0_v0_3,C0,41,1,True,False,False,0,False,False
trellm-v0.3-iclr-protocol,sha256:789a7ff94257ade994ac5fe2847d9a9ee7744251f83280d60554d2195eefd2b3,glm,glm-5-turbo,api-pinned-2026-07-06,synthetic_high_volatility_c0_v0_3,C0,31,2,True,False,False,0,False,False
trellm-v0.3-iclr-protocol,sha256:78a35f99258e1d9c9786f5ac908f9c2bd55d53a3aa6edeecd64b8de0e827af6f,deepseek,deepseek-v4-pro,api-pinned-2026-07-02,synthetic_calm_trend_c0_v0_3,C0,11,2,True,True,True,-1,True,True
trellm-v0.3-iclr-protocol,sha256:78c2c3338436df119acf850e54297c69913f3784082ced53d0e723d8539468b9,glm,glm-5-turbo,api-pinned-2026-07-06,synthetic_jump_tail_c0_v0_3,C0,11,1,True,True,True,1,False,False
trellm-v0.3-iclr-protocol,sha256:799463eeb06e9c2c9fc8f8c3497496b1ff55fd3d86e75a4d39cee5dd216acd8a,deepseek,deepseek-v4-pro,api-pinned-2026-07-02,synthetic_calm_trend_c0_v0_3,C0,43,1,True,True,True,-1,False,True
trellm-v0.3-iclr-protocol,sha256:7a02bd7af56788755f7d880732d8e3060b24da43d23caa6d3dea92b3000d68d5,glm,glm-5,api-pinned-2026-07-02,synthetic_calm_trend_c0_v0_3,C0,17,1,True,True,True,1,False,False
trellm-v0.3-iclr-protocol,sha256:7acbf65df5c199ad795a354b9b8168ae013d2bf2d498df80c5c48ada7fb94cce,deepseek,deepseek-v4-pro,api-pinned-2026-07-02,synthetic_high_volatility_c0_v0_3,C0,17,1,True,False,True,-1,False,True
trellm-v0.3-iclr-protocol,sha256:7b29e709b1b8033002718ef94daf14380b17ec0e68b564ba78d776a239e91597,glm,glm-5,api-pinned-2026-07-02,synthetic_jump_tail_c0_v0_3,C0,53,2,True,False,False,0,False,False
trellm-v0.3-iclr-protocol,sha256:7b5ba8d3aaa1fc6338dea3930fc24ec949abc2f4038128eaa1203e36535e0451,deepseek,deepseek-v4-flash,api-pinned-2026-07-02,synthetic_high_volatility_c0_v0_3,C0,41,1,True,True,True,1,False,False
trellm-v0.3-iclr-protocol,sha256:7bda4447a531582ef009cd4230cef20bda09af6c0104ed804123e03d07562fa7,glm,glm-5,api-pinned-2026-07-02,synthetic_jump_tail_c0_v0_3,C0,43,2,True,False,False,0,False,False
trellm-v0.3-iclr-protocol,sha256:7bf10344683cb06ebc1f2103e88a474c1be1e520f881c57378b5c112a4a4b0d4,deepseek,deepseek-v4-flash,api-pinned-2026-07-02,synthetic_calm_trend_c0_v0_3,C0,53,2,True,False,False,0,False,False
trellm-v0.3-iclr-protocol,sha256:7deb114242b26b8954fda414a4c8804fad661b2af4da7a8b84aea4559ab98c72,glm,glm-5.2,api-pinned-2026-07-06,synthetic_calm_trend_c0_v0_3,C0,23,1,True,False,False,0,False,False
trellm-v0.3-iclr-protocol,sha256:7dfce76704c0f73c98f0d87080d3f611318cfbdd39373af1d12d69e7acd00704,deepseek,deepseek-v4-flash,api-pinned-2026-07-02,synthetic_calm_trend_c0_v0_3,C0,53,0,True,False,False,0,False,False
trellm-v0.3-iclr-protocol,sha256:7f3bf7610b8738ce71c13dfb0edaab1f979f71dbcec1d157cfff93bf8e7eace7,glm,glm-5,api-pinned-2026-07-02,synthetic_jump_tail_c0_v0_3,C0,41,0,True,False,False,0,False,False
trellm-v0.3-iclr-protocol,sha256:7fae56d5c91db19ac4e7c213325a352d0821184e64788f892f0ea74dd05ae6e5,glm,glm-5-turbo,api-pinned-2026-07-06,synthetic_high_volatility_c0_v0_3,C0,43,0,True,False,False,0,False,False
trellm-v0.3-iclr-protocol,sha256:81344549bdd3992158e967562a5c0e944db0337d0edee3ec61fff789bece3ed7,deepseek,deepseek-v4-flash,api-pinned-2026-07-02,synthetic_high_volatility_c0_v0_3,C0,23,2,True,True,True,1,False,False
trellm-v0.3-iclr-protocol,sha256:828ea7ac6045235cc6b83c9c09195025b02d2b8ad1d89fc20bfa3c22e1b1c23a,glm,glm-5,api-pinned-2026-07-02,synthetic_high_volatility_c0_v0_3,C0,37,0,True,False,False,0,False,False
trellm-v0.3-iclr-protocol,sha256:838c4026f3fd9bda4b8ecba6c8c93670ca6485d1af2181b4ae811a82f7c77745,glm,glm-5.2,api-pinned-2026-07-06,synthetic_calm_trend_c0_v0_3,C0,53,1,True,False,False,0,False,False
trellm-v0.3-iclr-protocol,sha256:8507d4329f809c1f2630ab33e7c5e8f62424a5da147f28b73eb80f2af235c021,glm,glm-5.2,api-pinned-2026-07-06,synthetic_jump_tail_c0_v0_3,C0,41,1,True,False,False,0,False,False
trellm-v0.3-iclr-protocol,sha256:85b4d05ae6adf7b5b5ca6ac160fa73dba22067c3271a8e1eb6aa8c8921086db9,deepseek,deepseek-v4-pro,api-pinned-2026-07-02,synthetic_high_volatility_c0_v0_3,C0,53,0,True,True,True,-1,False,True
trellm-v0.3-iclr-protocol,sha256:8701523c8c03e3651c5d19cfaf2708431f1506cd6ce590212a1a7797e1f7742e,glm,glm-5.2,api-pinned-2026-07-06,synthetic_high_volatility_c0_v0_3,C0,53,2,True,True,True,1,False,False
trellm-v0.3-iclr-protocol,sha256:87aab174c286b8cf42859e3654fee4a13ce643693719775b7d46a270eb910032,glm,glm-5-turbo,api-pinned-2026-07-06,synthetic_high_volatility_c0_v0_3,C0,17,0,True,True,True,1,False,False
trellm-v0.3-iclr-protocol,sha256:87fa8ad3e64b82df51ebb51ab1db05325d67a0fadafe137a3193959fbe2f5e15,deepseek,deepseek-v4-pro,api-pinned-2026-07-02,synthetic_calm_trend_c0_v0_3,C0,43,0,True,True,True,-1,False,True
trellm-v0.3-iclr-protocol,sha256:885a322ac8f82da64f40f0f04564a1ddaa3c97ff53b2190aca506ffd53c848ff,deepseek,deepseek-v4-pro,api-pinned-2026-07-02,synthetic_calm_trend_c0_v0_3,C0,41,0,True,True,True,-1,False,True
trellm-v0.3-iclr-protocol,sha256:894d2ac3e6c3f79314dbbeb95ca52c172fe72857cf3b113fe0ab878452cc6804,deepseek,deepseek-v4-pro,api-pinned-2026-07-02,synthetic_high_volatility_c0_v0_3,C0,41,1,True,True,True,-1,False,True
trellm-v0.3-iclr-protocol,sha256:89b25be33c77797971bad32e601c29acc1ccd11d6dfe4c9c25ad2bb2dd990904,glm,glm-5,api-pinned-2026-07-02,synthetic_calm_trend_c0_v0_3,C0,17,0,True,False,False,0,False,False
trellm-v0.3-iclr-protocol,sha256:8bb023122ef65dc4e7398b1a79560bb104078b61ab629710fd6e6d35ee31d3ee,glm,glm-5,api-pinned-2026-07-02,synthetic_calm_trend_c0_v0_3,C0,47,0,True,False,False,0,False,False
trellm-v0.3-iclr-protocol,sha256:8c0babb81acf0f9f11b98eda31a5244514bdabd92a786bf309a758eeea0486aa,glm,glm-5-turbo,api-pinned-2026-07-06,synthetic_jump_tail_c0_v0_3,C0,47,2,True,True,True,3,False,False
trellm-v0.3-iclr-protocol,sha256:8c2fa6fac199ac612e603811aca82dcade162ef9d38b171d279cc2e3ee7b2746,deepseek,deepseek-v4-pro,api-pinned-2026-07-02,synthetic_high_volatility_c0_v0_3,C0,43,1,True,True,True,-1,False,True
trellm-v0.3-iclr-protocol,sha256:8c768072ac5035f63892cfaf52953346eb835368603f15c14f7c030bd51b067b,glm,glm-5-turbo,api-pinned-2026-07-06,synthetic_jump_tail_c0_v0_3,C0,43,1,True,True,True,1,False,False
trellm-v0.3-iclr-protocol,sha256:8d650d1a749843a490a9851f09b5fb37cf23573c41311f04a29738c242e3a1aa,glm,glm-5,api-pinned-2026-07-02,synthetic_jump_tail_c0_v0_3,C0,43,1,True,False,False,0,False,False
trellm-v0.3-iclr-protocol,sha256:8e260f6beafea78fa20c7059e5b53fcd9f30ae920d75574533734c387e192e6f,deepseek,deepseek-v4-pro,api-pinned-2026-07-02,synthetic_jump_tail_c0_v0_3,C0,31,2,True,True,True,-1,False,True
trellm-v0.3-iclr-protocol,sha256:8eaef32e17a60c3fa29c42453bc8c97197c4af92aae3cb2611cc06d0668dbdcc,glm,glm-5,api-pinned-2026-07-02,synthetic_calm_trend_c0_v0_3,C0,23,0,True,False,False,0,False,False
trellm-v0.3-iclr-protocol,sha256:8ec94564927b9fdec938fafd633d9f0781571f238a7f2c4884eeccaab608e7d9,glm,glm-5-turbo,api-pinned-2026-07-06,synthetic_high_volatility_c0_v0_3,C0,7,0,True,False,False,0,False,False
trellm-v0.3-iclr-protocol,sha256:8ee0940ff19d430b318472f141b62063f966e2365ab02f1834516561692e527f,glm,glm-5,api-pinned-2026-07-02,synthetic_calm_trend_c0_v0_3,C0,53,1,True,False,False,0,False,False
trellm-v0.3-iclr-protocol,sha256:8ef20e2a985a46c6afdcb856d95b8490fa0a439e5c0bb1814954ac52620e7c11,deepseek,deepseek-v4-flash,api-pinned-2026-07-02,synthetic_high_volatility_c0_v0_3,C0,17,0,True,False,False,0,False,False
trellm-v0.3-iclr-protocol,sha256:8fa2f081d4fca6bbc03b1f7e79f9f9785c2582368fff3bc2dd5a43c4c5be0d08,glm,glm-5.2,api-pinned-2026-07-06,synthetic_high_volatility_c0_v0_3,C0,53,0,True,True,True,1,False,False
trellm-v0.3-iclr-protocol,sha256:8ff287e03bf95cc35571f03cfafa3d55ccfb4e6e562b6f81c2022ba045db1c29,deepseek,deepseek-v4-flash,api-pinned-2026-07-02,synthetic_high_volatility_c0_v0_3,C0,23,1,True,False,False,0,False,False
trellm-v0.3-iclr-protocol,sha256:90fe09b1dc851ee0071e6e857f84343a46aad8317329aca83a56045d9093afda,glm,glm-5-turbo,api-pinned-2026-07-06,synthetic_high_volatility_c0_v0_3,C0,7,2,True,True,True,1,False,False
trellm-v0.3-iclr-protocol,sha256:911cdec52a3357f2e33bc3acaf7e65e4958245722f75c5c000077ecc8b5c0bd4,deepseek,deepseek-v4-flash,api-pinned-2026-07-02,synthetic_jump_tail_c0_v0_3,C0,41,2,True,True,True,3,False,False
trellm-v0.3-iclr-protocol,sha256:9143296fdcf6cb1074290bbc50a0b954e76435a7395cc1c1f3e6eb9dc827f353,glm,glm-5-turbo,api-pinned-2026-07-06,synthetic_jump_tail_c0_v0_3,C0,11,2,True,False,False,0,False,False
trellm-v0.3-iclr-protocol,sha256:91d49bad2018037418703d570f7b85f81d3998dfc010d7f481eba96b2012b076,glm,glm-5,api-pinned-2026-07-02,synthetic_high_volatility_c0_v0_3,C0,31,1,True,False,False,0,False,False
trellm-v0.3-iclr-protocol,sha256:922ab856c357d0f457d9d674c71267aa40cffa1bb1f6eb1adb271e600430cee6,deepseek,deepseek-v4-pro,api-pinned-2026-07-02,synthetic_calm_trend_c0_v0_3,C0,17,0,True,True,True,-1,False,True
trellm-v0.3-iclr-protocol,sha256:9243d50a945169aa89ce64bd92eeeb2c31d5cba630724e4617bcb025152b1852,glm,glm-5-turbo,api-pinned-2026-07-06,synthetic_jump_tail_c0_v0_3,C0,23,0,True,False,False,0,False,False
trellm-v0.3-iclr-protocol,sha256:9248387840d783eca7a0f0db199da9aea87d2521c701d1201289930c81d7d62c,glm,glm-5-turbo,api-pinned-2026-07-06,synthetic_calm_trend_c0_v0_3,C0,47,1,True,True,True,5,False,False
trellm-v0.3-iclr-protocol,sha256:92af8d47cf729dbb2893ad0e1b7cb711a8cf4a1e452679d84a73a5f835ebf612,glm,glm-5,api-pinned-2026-07-02,synthetic_calm_trend_c0_v0_3,C0,37,1,True,False,False,0,False,False
trellm-v0.3-iclr-protocol,sha256:92fcd6649f96cd0cdd60da041db02a5406ffad2315ee39251051ce7200693879,deepseek,deepseek-v4-pro,api-pinned-2026-07-02,synthetic_calm_trend_c0_v0_3,C0,31,2,True,True,True,-1,False,True
trellm-v0.3-iclr-protocol,sha256:94252426c291475d4cf9f7762bb610be80864c835c56308f3b5fd1a61df9c55d,deepseek,deepseek-v4-pro,api-pinned-2026-07-02,synthetic_calm_trend_c0_v0_3,C0,47,0,True,True,True,-1,False,True
trellm-v0.3-iclr-protocol,sha256:95233e4f621096d4261dbc188fcccf218bcaf81d51b933e1b1565c452df25cf2,glm,glm-5-turbo,api-pinned-2026-07-06,synthetic_high_volatility_c0_v0_3,C0,53,2,True,False,False,0,False,False
trellm-v0.3-iclr-protocol,sha256:95e3052a701c73303ce62ee4f96832413bef748312f24ce86bd5f7c94cc02067,glm,glm-5.2,api-pinned-2026-07-06,synthetic_calm_trend_c0_v0_3,C0,7,0,True,False,True,1,False,False
trellm-v0.3-iclr-protocol,sha256:9748a27ee229aacc315c2478472f1acc0e09a0716dead5023cc9b8d795d65879,glm,glm-5.2,api-pinned-2026-07-06,synthetic_jump_tail_c0_v0_3,C0,7,0,True,False,False,0,False,False
trellm-v0.3-iclr-protocol,sha256:97687e7957ad1bbcf313ad2fda9d1c18900bc018a0fc2842f3ad32b73252c97d,glm,glm-5-turbo,api-pinned-2026-07-06,synthetic_jump_tail_c0_v0_3,C0,53,0,True,True,True,1,False,False
trellm-v0.3-iclr-protocol,sha256:97ff33140d8b11e30246a222185dd4798c347b7fd540c70f758c4190d00d29d3,deepseek,deepseek-v4-pro,api-pinned-2026-07-02,synthetic_calm_trend_c0_v0_3,C0,53,0,True,True,True,-1,False,True
trellm-v0.3-iclr-protocol,sha256:992b748fd1d87c6fce34471b8ce821f0457d121651a2e4c12b5b16c3166b6906,deepseek,deepseek-v4-pro,api-pinned-2026-07-02,synthetic_jump_tail_c0_v0_3,C0,53,0,True,True,True,-1,False,True
trellm-v0.3-iclr-protocol,sha256:99a44403b0187253bc521a2ee79e8e3dc0384c9869e44965c10ac551ce8a795c,glm,glm-5-turbo,api-pinned-2026-07-06,synthetic_jump_tail_c0_v0_3,C0,47,0,True,True,True,1,False,False
trellm-v0.3-iclr-protocol,sha256:9a49675236bc64ca0927d07b83eaf387a68be67083303f3f64ca575d8bf690fc,glm,glm-5-turbo,api-pinned-2026-07-06,synthetic_calm_trend_c0_v0_3,C0,37,1,True,True,True,1,False,False
trellm-v0.3-iclr-protocol,sha256:9a57b12023d8a028844b29792e108f41cfc72e145598b79ed050f2f9b49c4866,deepseek,deepseek-v4-flash,api-pinned-2026-07-02,synthetic_jump_tail_c0_v0_3,C0,37,2,True,False,True,2,False,False
trellm-v0.3-iclr-protocol,sha256:9a89bdcadf4f8793c424b304f47a8c287da448bd650106e1442898db339441e0,deepseek,deepseek-v4-flash,api-pinned-2026-07-02,synthetic_calm_trend_c0_v0_3,C0,11,2,True,True,True,1,False,False
trellm-v0.3-iclr-protocol,sha256:9adef380e0c0638b278000b760e77b8e724ba344329abf0bb86e89e5a4d5735c,deepseek,deepseek-v4-pro,api-pinned-2026-07-02,synthetic_jump_tail_c0_v0_3,C0,17,0,True,True,True,-1,False,True
trellm-v0.3-iclr-protocol,sha256:9b384abcc321795c43be7e3b09f09078faa21a7639d70389914913df77404df5,deepseek,deepseek-v4-pro,api-pinned-2026-07-02,synthetic_jump_tail_c0_v0_3,C0,11,1,True,False,True,-1,False,True
trellm-v0.3-iclr-protocol,sha256:9bc40de210cecd5db4a35abd878cd5cd57d46303641dfb4a7b8686826829cde6,deepseek,deepseek-v4-flash,api-pinned-2026-07-02,synthetic_jump_tail_c0_v0_3,C0,43,2,True,True,True,1,False,False
trellm-v0.3-iclr-protocol,sha256:9c9d5b01e418ecdbed7bfff1bdf9eb123ef874102efc901d73e4635b5b1a7bd2,deepseek,deepseek-v4-flash,api-pinned-2026-07-02,synthetic_calm_trend_c0_v0_3,C0,53,1,True,True,True,1,False,False
trellm-v0.3-iclr-protocol,sha256:9cbdf5d6c7455b5ebcb8766395fb2dcb5fa63c9f23565dbb840b285173cd487e,deepseek,deepseek-v4-pro,api-pinned-2026-07-02,synthetic_high_volatility_c0_v0_3,C0,47,2,True,True,True,-1,False,True
trellm-v0.3-iclr-protocol,sha256:9d532465513d3ea020f1c8cc113adf8ee2455e36b29b58c619afabe16afe09c4,deepseek,deepseek-v4-pro,api-pinned-2026-07-02,synthetic_calm_trend_c0_v0_3,C0,11,0,True,True,True,-1,False,True
trellm-v0.3-iclr-protocol,sha256:9e22a8e1dd577da72df5e71e66c930d6d8fca0dbb306cbd727993795d058503b,glm,glm-5-turbo,api-pinned-2026-07-06,synthetic_calm_trend_c0_v0_3,C0,41,0,True,False,False,0,False,False
trellm-v0.3-iclr-protocol,sha256:9ec8d715cec907c9c2f1f66af815bc7173116ba59113a2cfc9596154f5a2c1b0,deepseek,deepseek-v4-pro,api-pinned-2026-07-02,synthetic_calm_trend_c0_v0_3,C0,53,1,True,True,True,-1,False,True
trellm-v0.3-iclr-protocol,sha256:9f06f8df27fb7a7d956815471cefc6219ae9ec4e4109ea2b3c56a6c28ad0cc71,deepseek,deepseek-v4-pro,api-pinned-2026-07-02,synthetic_jump_tail_c0_v0_3,C0,31,0,True,True,True,-1,False,True
trellm-v0.3-iclr-protocol,sha256:9f33c8ac760f88ec9fd9802334441cfb653daa82dba17f3c291ac5dbd7560872,deepseek,deepseek-v4-flash,api-pinned-2026-07-02,synthetic_jump_tail_c0_v0_3,C0,37,1,True,False,True,2,False,False
trellm-v0.3-iclr-protocol,sha256:9f4572cfcbe0e2899bbcb469698ffc203ed7ed1d43fffa8d41b6ac56d72b5737,deepseek,deepseek-v4-pro,api-pinned-2026-07-02,synthetic_jump_tail_c0_v0_3,C0,47,0,True,True,True,-1,False,True
trellm-v0.3-iclr-protocol,sha256:9f93b5dee59da831f65e4eda8912525e1d4a7106be0f2c29f0a6c0d3e80f1813,glm,glm-5-turbo,api-pinned-2026-07-06,synthetic_jump_tail_c0_v0_3,C0,7,2,True,False,False,0,False,False
trellm-v0.3-iclr-protocol,sha256:9fcba586186c62506e646edc47f93c84976add0c6663fb84adda5388622b6269,deepseek,deepseek-v4-pro,api-pinned-2026-07-02,synthetic_calm_trend_c0_v0_3,C0,23,2,True,True,True,-1,False,True
trellm-v0.3-iclr-protocol,sha256:a0c78dfa79da01f05f7d4107ebe75c0a467ef64d7c69149f89de333e15188823,glm,glm-5,api-pinned-2026-07-02,synthetic_jump_tail_c0_v0_3,C0,37,2,True,False,False,0,False,False
trellm-v0.3-iclr-protocol,sha256:a0d9b0d5ec8c2f32163fca4ad29e415c6cc05cd9bcad4b3d11431b4030a44878,deepseek,deepseek-v4-pro,api-pinned-2026-07-02,synthetic_jump_tail_c0_v0_3,C0,47,2,True,True,True,-1,False,True
trellm-v0.3-iclr-protocol,sha256:a15e4db4d9265b1a431a6526235e7ba6a8230b4d5138a98480e03fa62afe2aa6,glm,glm-5,api-pinned-2026-07-02,synthetic_jump_tail_c0_v0_3,C0,47,1,True,False,False,0,False,False
trellm-v0.3-iclr-protocol,sha256:a18e95adfddc61b67c495a180243dff8f26454a1a5bda84017147737ff4997e6,glm,glm-5,api-pinned-2026-07-02,synthetic_calm_trend_c0_v0_3,C0,43,0,True,False,False,0,False,False
trellm-v0.3-iclr-protocol,sha256:a2bf27661c691a6aa27e7e28bdccea5c5841f2a97aa362269aa0e03f8741bad9,glm,glm-5.2,api-pinned-2026-07-06,synthetic_calm_trend_c0_v0_3,C0,53,0,True,False,False,0,False,False
trellm-v0.3-iclr-protocol,sha256:a2d2f56ee8760f38d078ecc45feb7770b88343f75ff1b73697712f360fd93861,glm,glm-5,api-pinned-2026-07-02,synthetic_calm_trend_c0_v0_3,C0,23,2,True,False,False,0,False,False
trellm-v0.3-iclr-protocol,sha256:a3001f1c987afa8e26bec46a3727ef811e18e9c33f22137c384234d9acca44ac,deepseek,deepseek-v4-flash,api-pinned-2026-07-02,synthetic_high_volatility_c0_v0_3,C0,43,0,True,False,False,0,False,False
trellm-v0.3-iclr-protocol,sha256:a35c7000a23110bc754ce16406929af0228496a0e415c2d090963c108b92e2e8,glm,glm-5.2,api-pinned-2026-07-06,synthetic_jump_tail_c0_v0_3,C0,7,1,True,False,False,0,False,False
trellm-v0.3-iclr-protocol,sha256:a36ccb12bb6734b630d9709cee5c3d369d0cb3b56406b6344829ff934efb5662,deepseek,deepseek-v4-flash,api-pinned-2026-07-02,synthetic_calm_trend_c0_v0_3,C0,43,0,True,False,False,0,False,False
trellm-v0.3-iclr-protocol,sha256:a37a3188a99bf64c6d6deeec0d131c0960372df9a9d616f02157fea2639ecd77,deepseek,deepseek-v4-pro,api-pinned-2026-07-02,synthetic_calm_trend_c0_v0_3,C0,23,0,True,True,True,-1,False,True
trellm-v0.3-iclr-protocol,sha256:a4258499d6f3ed0798552b353152a4bc6c810c3f83a697a328fdf95d1dcfb1db,glm,glm-5,api-pinned-2026-07-02,synthetic_jump_tail_c0_v0_3,C0,23,2,True,True,True,1,False,False
trellm-v0.3-iclr-protocol,sha256:a42f25ce7caf97245c2176aad1663d579a0ed92c71c3928b50240f790c395b43,glm,glm-5,api-pinned-2026-07-02,synthetic_high_volatility_c0_v0_3,C0,47,0,True,False,False,0,False,False
trellm-v0.3-iclr-protocol,sha256:a4d3f5dec39fe7ecd0d75d549aa6eb970e10302ff3dd934f6a88e72b515c678e,glm,glm-5-turbo,api-pinned-2026-07-06,synthetic_high_volatility_c0_v0_3,C0,17,2,True,False,False,0,False,False
trellm-v0.3-iclr-protocol,sha256:a4fb67937531d9766b2177ff21a240d1142f5aeda4901e608a1a1428a1363252,deepseek,deepseek-v4-pro,api-pinned-2026-07-02,synthetic_calm_trend_c0_v0_3,C0,41,2,True,True,True,-1,False,True
trellm-v0.3-iclr-protocol,sha256:a522ce7afcde44c902abf07e69fc8ae7ba22d704476ee05726ea74dce1092b18,glm,glm-5-turbo,api-pinned-2026-07-06,synthetic_jump_tail_c0_v0_3,C0,31,0,True,True,True,1,False,False
trellm-v0.3-iclr-protocol,sha256:a5555411eb0e34db265789f8f7deb17173bb79d589235aefaf00f55aa247b95c,glm,glm-5,api-pinned-2026-07-02,synthetic_calm_trend_c0_v0_3,C0,17,2,True,True,True,1,False,False
trellm-v0.3-iclr-protocol,sha256:a586d99cd23022733baeff5629d44422166711abe4adf3451331e64998b2ab53,glm,glm-5,api-pinned-2026-07-02,synthetic_jump_tail_c0_v0_3,C0,31,2,True,False,False,0,False,False
trellm-v0.3-iclr-protocol,sha256:a7f783a7d201919790e21d7ad60708da5a5ec103a43d0b3be274022bbe0e54da,glm,glm-5.2,api-pinned-2026-07-06,synthetic_high_volatility_c0_v0_3,C0,11,0,True,False,False,0,False,False
trellm-v0.3-iclr-protocol,sha256:aa1663d932b0c6fa8568fbca94b1b9ecadc38e9796aa6d978ac637a28568a07b,glm,glm-5.2,api-pinned-2026-07-06,synthetic_high_volatility_c0_v0_3,C0,7,1,True,False,False,0,False,False
trellm-v0.3-iclr-protocol,sha256:aa4b7d8dd3a82408bde96a98c9ad90ef09ffee79789c8c957e6fd3ba7efec0b6,deepseek,deepseek-v4-pro,api-pinned-2026-07-02,synthetic_high_volatility_c0_v0_3,C0,17,2,True,True,True,-1,False,True
trellm-v0.3-iclr-protocol,sha256:ac2c1b4e4062962122578460f5be212e8bda4e6b6eca3a38d7afc1c988c0cb02,deepseek,deepseek-v4-flash,api-pinned-2026-07-02,synthetic_jump_tail_c0_v0_3,C0,37,0,True,True,True,1,False,False
trellm-v0.3-iclr-protocol,sha256:ac55947206bdd4cc35e04ebb29cf0f0b804496bebab3776833619122c5e5f6bc,deepseek,deepseek-v4-flash,api-pinned-2026-07-02,synthetic_calm_trend_c0_v0_3,C0,47,1,True,True,True,4,False,False
trellm-v0.3-iclr-protocol,sha256:ac6beb5fd9baeefa2a96e9f36fa14288b9c568365541faabfa7fa80004c583a2,deepseek,deepseek-v4-flash,api-pinned-2026-07-02,synthetic_calm_trend_c0_v0_3,C0,41,0,True,False,False,0,False,False
trellm-v0.3-iclr-protocol,sha256:ae3be62c2886dd61a0bd50c5965d984fd82ea2b779d7f852cfb9d86a2c9d767d,deepseek,deepseek-v4-flash,api-pinned-2026-07-02,synthetic_high_volatility_c0_v0_3,C0,17,1,True,True,True,1,False,False
trellm-v0.3-iclr-protocol,sha256:ae67d3e432bfa4082cead57de43f4e6e31b21b18e83014ced7287f16d3aaad08,deepseek,deepseek-v4-flash,api-pinned-2026-07-02,synthetic_jump_tail_c0_v0_3,C0,31,0,True,True,True,1,False,False
trellm-v0.3-iclr-protocol,sha256:af5cd3e3561933e2b322e099e0f454bc3ee49d561bb111f807c2b77d592a5745,deepseek,deepseek-v4-pro,api-pinned-2026-07-02,synthetic_jump_tail_c0_v0_3,C0,7,1,True,True,True,-1,False,True
trellm-v0.3-iclr-protocol,sha256:b1263931172c94e4985ef17658ae314ccfe2a0527c6d9f2359dbea0fdc3be33d,glm,glm-5-turbo,api-pinned-2026-07-06,synthetic_high_volatility_c0_v0_3,C0,37,0,True,False,False,0,False,False
trellm-v0.3-iclr-protocol,sha256:b1fe161a5404195c57d4e679b5538aa70a6b0d89594f38d94742316af92a5678,deepseek,deepseek-v4-flash,api-pinned-2026-07-02,synthetic_high_volatility_c0_v0_3,C0,11,2,True,True,True,1,False,False
trellm-v0.3-iclr-protocol,sha256:b45f38cb6b23ef946873f2528823f139f30332618012eaadc1f8cc4090fbcf1a,deepseek,deepseek-v4-flash,api-pinned-2026-07-02,synthetic_high_volatility_c0_v0_3,C0,11,0,True,True,True,1,False,False
trellm-v0.3-iclr-protocol,sha256:b4af73a044bc1642e39726b9cdd17adaa0e663c3bc369353e3dd9c47b725b2d0,glm,glm-5-turbo,api-pinned-2026-07-06,synthetic_high_volatility_c0_v0_3,C0,37,1,True,False,False,0,False,False
trellm-v0.3-iclr-protocol,sha256:b4e868eadb38cbc7cd02705c081314e2319e16ec884718c7bb9f05e3997d0be7,glm,glm-5,api-pinned-2026-07-02,synthetic_jump_tail_c0_v0_3,C0,31,0,True,False,False,0,False,False
trellm-v0.3-iclr-protocol,sha256:b52aec73dba7c9320e7da745e69fc0f828b50094b0ce1bd7c9917efc63fb4a2d,glm,glm-5.2,api-pinned-2026-07-06,synthetic_jump_tail_c0_v0_3,C0,41,2,True,False,False,0,False,False
trellm-v0.3-iclr-protocol,sha256:b553a9700960b6d48457b0627494520c6a8cf1933f07779a9a5d89fe49872acf,glm,glm-5-turbo,api-pinned-2026-07-06,synthetic_jump_tail_c0_v0_3,C0,31,1,True,True,True,1,False,False
trellm-v0.3-iclr-protocol,sha256:b6895f4f1f32b50f1d348a158673ac29af0303bdefdcabb020becd7bf683fc51,deepseek,deepseek-v4-flash,api-pinned-2026-07-02,synthetic_calm_trend_c0_v0_3,C0,43,2,True,False,True,1,False,False
trellm-v0.3-iclr-protocol,sha256:b6c74e4bc38e0abad02d5af41364a9dce39760a40f32169f5f4db399adc7cf9b,glm,glm-5.2,api-pinned-2026-07-06,synthetic_calm_trend_c0_v0_3,C0,23,0,True,False,False,0,False,False
trellm-v0.3-iclr-protocol,sha256:b717b0e6e7b19b9e612746fd3fdc28910756e46104139d7b149dd620d054f2a6,glm,glm-5,api-pinned-2026-07-02,synthetic_high_volatility_c0_v0_3,C0,41,2,True,False,False,0,False,False
trellm-v0.3-iclr-protocol,sha256:b759d5ccb807d2e74085d42ea0483f79f6358b65b9dc15b61d40937b99581f34,glm,glm-5-turbo,api-pinned-2026-07-06,synthetic_calm_trend_c0_v0_3,C0,23,0,True,False,False,0,False,False
trellm-v0.3-iclr-protocol,sha256:b7facfcb6c93e4ad4841622cc2b9a14184252691d682d574a29826eba63259be,glm,glm-5-turbo,api-pinned-2026-07-06,synthetic_high_volatility_c0_v0_3,C0,47,2,True,False,False,0,False,False
trellm-v0.3-iclr-protocol,sha256:b8cab61b94d1256ecca516160974ac77ca9fab290c96527ec8ed548bdabf99f2,glm,glm-5-turbo,api-pinned-2026-07-06,synthetic_calm_trend_c0_v0_3,C0,43,1,True,False,False,0,False,False
trellm-v0.3-iclr-protocol,sha256:b9594f77affc1efffd78b8fa54c8332c513ac7234d3b3fb107624d8b5199f34f,deepseek,deepseek-v4-pro,api-pinned-2026-07-02,synthetic_calm_trend_c0_v0_3,C0,37,0,True,True,True,-1,False,True
trellm-v0.3-iclr-protocol,sha256:b9fcb50f077d3e80f9f21f4c6825f2b62b22c83d1709b310972028cc278c38ee,deepseek,deepseek-v4-pro,api-pinned-2026-07-02,synthetic_calm_trend_c0_v0_3,C0,53,2,True,True,True,-1,False,True
trellm-v0.3-iclr-protocol,sha256:ba6929480ef4580aa34258c953cc059c701140f715e93cc96177eb647900495a,glm,glm-5-turbo,api-pinned-2026-07-06,synthetic_jump_tail_c0_v0_3,C0,17,2,True,True,True,2,False,False
trellm-v0.3-iclr-protocol,sha256:ba89b9be93d3f16040e20e6cdc5f24ed0aadc744f2846dc019abbb9721f49f90,glm,glm-5-turbo,api-pinned-2026-07-06,synthetic_high_volatility_c0_v0_3,C0,53,1,True,False,False,0,False,False
trellm-v0.3-iclr-protocol,sha256:ba9e67cedbaedc0b53c6a6c1c6567c2328e39c7aea62f4e9a4b4e4591c869d5d,deepseek,deepseek-v4-flash,api-pinned-2026-07-02,synthetic_calm_trend_c0_v0_3,C0,41,1,True,True,True,4,False,False
trellm-v0.3-iclr-protocol,sha256:bbbaf7b589693fb3c7a4f09e75ee76ac070ea17a592cc125bbefff9bba980f70,deepseek,deepseek-v4-pro,api-pinned-2026-07-02,synthetic_jump_tail_c0_v0_3,C0,7,0,True,True,True,-1,False,True
trellm-v0.3-iclr-protocol,sha256:bc04722746ee6ed7dabf6894c1a88f10ed505dc38b5bdc7f15118c19a5df1f3e,glm,glm-5.2,api-pinned-2026-07-06,synthetic_calm_trend_c0_v0_3,C0,37,1,True,False,False,0,False,False
trellm-v0.3-iclr-protocol,sha256:bc2835a8af25bd904f101fbf34e23174ee2d91112eafff0c1a0545f863561c57,glm,glm-5,api-pinned-2026-07-02,synthetic_high_volatility_c0_v0_3,C0,43,2,True,True,True,1,False,False
trellm-v0.3-iclr-protocol,sha256:bd931bcd0d0bd2eccd345ba582e9d41f3279076dd74cc0f7383d7dbbfcccbc5d,glm,glm-5-turbo,api-pinned-2026-07-06,synthetic_jump_tail_c0_v0_3,C0,43,2,True,True,True,1,False,False
trellm-v0.3-iclr-protocol,sha256:bdb6813c4c257ba6ece6a92ef0e288ee15e3d8bc37ea986a7929b7a24baab698,glm,glm-5,api-pinned-2026-07-02,synthetic_high_volatility_c0_v0_3,C0,23,0,True,True,True,1,False,False
trellm-v0.3-iclr-protocol,sha256:bdfa4d4b5e3d82a99d08651651a47e63303cbdaf7d5e679b0c2f9c511c529dc1,deepseek,deepseek-v4-flash,api-pinned-2026-07-02,synthetic_calm_trend_c0_v0_3,C0,17,1,True,True,True,1,False,False
trellm-v0.3-iclr-protocol,sha256:bdfd596caf6e788f2fa76b30e0faf1178bb70d4ea81f7b1cd4c44765cac1938c,deepseek,deepseek-v4-pro,api-pinned-2026-07-02,synthetic_jump_tail_c0_v0_3,C0,7,2,True,True,True,-1,False,True
trellm-v0.3-iclr-protocol,sha256:becc74d30fca08053c43445fbba85940eb4debb9f8ec843b059b34cbd523f509,deepseek,deepseek-v4-pro,api-pinned-2026-07-02,synthetic_calm_trend_c0_v0_3,C0,31,1,True,True,True,-1,False,True
trellm-v0.3-iclr-protocol,sha256:bf0e140b58f4cd0642c70dd99c6785b278f6f9d90ad2b261b7e20acde4475e84,glm,glm-5-turbo,api-pinned-2026-07-06,synthetic_jump_tail_c0_v0_3,C0,7,1,True,True,True,1,False,False
trellm-v0.3-iclr-protocol,sha256:bf622c344dab500f6c1aaae896a1c2ef36dc96e828437f3bda8fb6dd1ae64616,glm,glm-5.2,api-pinned-2026-07-06,synthetic_calm_trend_c0_v0_3,C0,17,2,True,False,False,0,False,False
trellm-v0.3-iclr-protocol,sha256:c0486cb558e4f98fa1824719f83468aa34d8c84427ba20bab46b2d1aed6a316f,glm,glm-5-turbo,api-pinned-2026-07-06,synthetic_high_volatility_c0_v0_3,C0,23,2,True,False,False,0,False,False
trellm-v0.3-iclr-protocol,sha256:c2f3d08cfbd15bf9f260502e1c7b1054b85e6fc4c17636bbc50f846180cdb59a,glm,glm-5-turbo,api-pinned-2026-07-06,synthetic_jump_tail_c0_v0_3,C0,53,2,True,True,True,1,False,False
trellm-v0.3-iclr-protocol,sha256:c3ea5bff0ff32642f5d50df1e52554a31286b370923b6e9be39dce0c0195342a,glm,glm-5-turbo,api-pinned-2026-07-06,synthetic_calm_trend_c0_v0_3,C0,43,2,True,False,False,0,False,False
trellm-v0.3-iclr-protocol,sha256:c44167fc24a004de5c41c99e3bc1c6a5100f829c81fc48ffe5d6c506355218c3,glm,glm-5.2,api-pinned-2026-07-06,synthetic_jump_tail_c0_v0_3,C0,23,2,True,False,False,0,False,False
trellm-v0.3-iclr-protocol,sha256:c650e108244a2ae5a03d7383d9f5258083a8147b1e002e183ae5d777655170df,glm,glm-5,api-pinned-2026-07-02,synthetic_calm_trend_c0_v0_3,C0,11,2,True,False,True,1,False,False
trellm-v0.3-iclr-protocol,sha256:c6e4a7b8d35e0873f5dbc899eeb39b4cd5f0e565af0149852efb002a7b2a55bf,glm,glm-5-turbo,api-pinned-2026-07-06,synthetic_jump_tail_c0_v0_3,C0,37,2,True,False,False,0,False,False
trellm-v0.3-iclr-protocol,sha256:c807ae5419c97671c2fde2ba43f0492a14dbdd52209e2e857cf9c29038c63de1,glm,glm-5,api-pinned-2026-07-02,synthetic_jump_tail_c0_v0_3,C0,7,1,True,True,True,1,False,False
trellm-v0.3-iclr-protocol,sha256:c9f0fce2c65facd5226e1258c68c9b306eb3812a5ec3270f654b080adbaa9858,deepseek,deepseek-v4-flash,api-pinned-2026-07-02,synthetic_jump_tail_c0_v0_3,C0,47,2,True,False,False,0,False,False
trellm-v0.3-iclr-protocol,sha256:ca37707160a11c4eae683ad7b8c0df714ae35f4ba16b5cb8550bf1662498855b,glm,glm-5.2,api-pinned-2026-07-06,synthetic_high_volatility_c0_v0_3,C0,47,0,True,False,False,0,False,False
trellm-v0.3-iclr-protocol,sha256:ca638b5388f0fbf144fd24a124a55857642a3b086252be374544fe2e1d6a76e3,glm,glm-5,api-pinned-2026-07-02,synthetic_jump_tail_c0_v0_3,C0,17,1,True,True,True,1,False,False
trellm-v0.3-iclr-protocol,sha256:cb04b6e9a4b7914127a27696eb553db3ef65f9be5a7273079b8f6cf8396ead71,deepseek,deepseek-v4-pro,api-pinned-2026-07-02,synthetic_calm_trend_c0_v0_3,C0,11,1,True,True,True,-1,False,True
trellm-v0.3-iclr-protocol,sha256:cbc98f1d5774dc388d081e24344b1b67082e7ea1a9214dbb23c84c946c039218,deepseek,deepseek-v4-flash,api-pinned-2026-07-02,synthetic_calm_trend_c0_v0_3,C0,17,0,True,True,True,1,False,False
trellm-v0.3-iclr-protocol,sha256:cbe28449f71f1f0dac2e3ac135aa1ea164175ad99b20978f005a1b2eca66f1d6,glm,glm-5-turbo,api-pinned-2026-07-06,synthetic_high_volatility_c0_v0_3,C0,23,0,True,False,False,0,False,False
trellm-v0.3-iclr-protocol,sha256:cc1526a7338e96181c31f164a0053e1375817207ab563a9699e46052220a4c04,glm,glm-5.2,api-pinned-2026-07-06,synthetic_high_volatility_c0_v0_3,C0,11,2,True,False,False,0,False,False
trellm-v0.3-iclr-protocol,sha256:ccb0e7aa48b9695c2b81e3c55efceff70dbe18e4f1853b02332b5887ae60b440,glm,glm-5.2,api-pinned-2026-07-06,synthetic_jump_tail_c0_v0_3,C0,47,2,True,False,True,1,False,False
trellm-v0.3-iclr-protocol,sha256:ccf49d0dd47cbf207c965e9f14ffe067046ef33e174ae9c5f4bca4c55e491c2a,glm,glm-5.2,api-pinned-2026-07-06,synthetic_calm_trend_c0_v0_3,C0,37,2,True,False,True,1,False,False
trellm-v0.3-iclr-protocol,sha256:cd201de49d2f8d22e9fa81d7dcf8a3420731bb4f60b1d718dc90ae52a68d6ccc,glm,glm-5.2,api-pinned-2026-07-06,synthetic_calm_trend_c0_v0_3,C0,17,0,True,False,False,0,False,False
trellm-v0.3-iclr-protocol,sha256:cd31a3e78b79cabea8c7b14b9f8e4930f92581de40cbac02c917e6b87fdab78d,deepseek,deepseek-v4-pro,api-pinned-2026-07-02,synthetic_jump_tail_c0_v0_3,C0,47,1,True,True,True,-1,False,True
trellm-v0.3-iclr-protocol,sha256:ce2bf40998b0f0e8dab9e68c8e4eb66695c2c92355e0d4e95c4391b0beb0283a,deepseek,deepseek-v4-flash,api-pinned-2026-07-02,synthetic_jump_tail_c0_v0_3,C0,47,1,True,False,False,0,False,False
trellm-v0.3-iclr-protocol,sha256:ce810bf20484ff69fa5a200e05ad97381a0c33d60f6a2ebf4e8886a3fe789ce0,glm,glm-5.2,api-pinned-2026-07-06,synthetic_calm_trend_c0_v0_3,C0,17,1,True,False,False,0,False,False
trellm-v0.3-iclr-protocol,sha256:cef48801c0b60589d1eadc97cd8e07a20fb3c902be87fbbab0aa6e69af74382f,glm,glm-5-turbo,api-pinned-2026-07-06,synthetic_high_volatility_c0_v0_3,C0,31,0,True,False,False,0,False,False
trellm-v0.3-iclr-protocol,sha256:d07fbdb4a41e6833789c203f6d3a7c0ded858328b5e440b8c7952ce23586709b,deepseek,deepseek-v4-flash,api-pinned-2026-07-02,synthetic_jump_tail_c0_v0_3,C0,17,0,True,True,True,4,False,False
trellm-v0.3-iclr-protocol,sha256:d0a7642cbe7ace4c49b3b2df7e900fd936965f0fdceede42741cdc385b212cee,glm,glm-5,api-pinned-2026-07-02,synthetic_jump_tail_c0_v0_3,C0,53,0,True,False,False,0,False,False
trellm-v0.3-iclr-protocol,sha256:d1b26c02881ade7a3102ba1c5b4a62390ef34d63e664a9730d54c4c40768775a,deepseek,deepseek-v4-flash,api-pinned-2026-07-02,synthetic_high_volatility_c0_v0_3,C0,47,2,True,False,False,0,False,False
trellm-v0.3-iclr-protocol,sha256:d1be24b9589277b7ed2c964de0b011db24fd953f9f87a693567c18306198406b,deepseek,deepseek-v4-flash,api-pinned-2026-07-02,synthetic_high_volatility_c0_v0_3,C0,37,2,True,True,True,1,False,False
trellm-v0.3-iclr-protocol,sha256:d2289d90ec662aeb1cef52893dac6ddcd57a47e2a7cc0f3207ad06d670e800f8,glm,glm-5.2,api-pinned-2026-07-06,synthetic_calm_trend_c0_v0_3,C0,43,0,True,False,False,0,False,False
trellm-v0.3-iclr-protocol,sha256:d28c71397e0818e65e5194d1e036ad3c398a1442f2a3c44cd7dc8df12f58bf44,glm,glm-5,api-pinned-2026-07-02,synthetic_high_volatility_c0_v0_3,C0,37,2,True,False,False,0,False,False
trellm-v0.3-iclr-protocol,sha256:d31e2e7d06f0bcbf17e4c4aab0eeeb582bbddfc128faf916741983f6af51718c,glm,glm-5,api-pinned-2026-07-02,synthetic_calm_trend_c0_v0_3,C0,11,1,True,False,False,0,False,False
trellm-v0.3-iclr-protocol,sha256:d39a2f177f2b11405c923ef4fee2bfc8a59a0520a9bdd611c3b31d5640bfada4,glm,glm-5-turbo,api-pinned-2026-07-06,synthetic_high_volatility_c0_v0_3,C0,47,1,True,True,True,1,False,False
trellm-v0.3-iclr-protocol,sha256:d43f9e80655359ff5df6166ea5d656248eae9dbf812cce57444c88a4826c35cf,glm,glm-5.2,api-pinned-2026-07-06,synthetic_jump_tail_c0_v0_3,C0,37,0,True,False,False,0,False,False
trellm-v0.3-iclr-protocol,sha256:d44dd08a30db1a2140e4f506ef5a0d13f3ed76ee6e758c9bd9f16a5142346b6a,deepseek,deepseek-v4-flash,api-pinned-2026-07-02,synthetic_high_volatility_c0_v0_3,C0,37,1,True,True,True,1,False,False
trellm-v0.3-iclr-protocol,sha256:d49a3da31dcccca82b1346bf48c69333b863d6f36e26ad131df67eeda3e64441,glm,glm-5-turbo,api-pinned-2026-07-06,synthetic_calm_trend_c0_v0_3,C0,11,2,True,True,True,1,False,False
trellm-v0.3-iclr-protocol,sha256:d4d2c2c864cf8b2a4112f14b35e9586ff53ab8a0eff50c3f9298dd1de050eb7d,deepseek,deepseek-v4-pro,api-pinned-2026-07-02,synthetic_jump_tail_c0_v0_3,C0,37,2,True,True,True,-1,False,True
trellm-v0.3-iclr-protocol,sha256:d559e3bfa627a039d9bf5481407048391c6499c5a780cd61db95a0b1d531c06e,glm,glm-5-turbo,api-pinned-2026-07-06,synthetic_jump_tail_c0_v0_3,C0,11,0,True,True,True,1,False,False
trellm-v0.3-iclr-protocol,sha256:d5965199c172d42c08a106efdbee4b48ee8bf95cc7024df2ff4d7bfb310883bd,deepseek,deepseek-v4-pro,api-pinned-2026-07-02,synthetic_high_volatility_c0_v0_3,C0,23,2,True,True,True,-1,False,True
trellm-v0.3-iclr-protocol,sha256:d5ed47b41efc8a030cb7c813cd8c081f9b1b9e06bdf31bc17cc3bf86fe5eccb0,deepseek,deepseek-v4-pro,api-pinned-2026-07-02,synthetic_jump_tail_c0_v0_3,C0,23,2,True,False,True,-1,False,True
trellm-v0.3-iclr-protocol,sha256:d5f23623a6b7875cd235efeb173e85d11d1a0405f2db5295ceec04418f12f7c6,glm,glm-5.2,api-pinned-2026-07-06,synthetic_calm_trend_c0_v0_3,C0,31,0,True,False,False,0,False,False
trellm-v0.3-iclr-protocol,sha256:d6177422e73d1cb2d3be0cf4e167b716f2fc368c39a982d4e795b2b04b09e8b0,deepseek,deepseek-v4-flash,api-pinned-2026-07-02,synthetic_jump_tail_c0_v0_3,C0,43,0,True,True,True,1,False,False
trellm-v0.3-iclr-protocol,sha256:d65983b52a97242b61c92799e87ba223ec1e9087df6551858d2cf15650b2d5d2,glm,glm-5.2,api-pinned-2026-07-06,synthetic_calm_trend_c0_v0_3,C0,41,1,True,False,False,0,False,False
trellm-v0.3-iclr-protocol,sha256:d69aea5437f85abc828e9b4f1042cbd9a4ed4926d8c06e07c68c0df0947d351d,deepseek,deepseek-v4-pro,api-pinned-2026-07-02,synthetic_calm_trend_c0_v0_3,C0,7,2,True,True,True,-1,False,True
trellm-v0.3-iclr-protocol,sha256:d7670924a12f5b917976f435f2fe91e0307266caffcf0677ecb8ff4746cd5258,glm,glm-5,api-pinned-2026-07-02,synthetic_calm_trend_c0_v0_3,C0,7,2,True,False,False,0,False,False
trellm-v0.3-iclr-protocol,sha256:d85ed185684151b2aee51920739dc48ed68a5a30be89c69d4ea0100dbdad1ddd,deepseek,deepseek-v4-flash,api-pinned-2026-07-02,synthetic_high_volatility_c0_v0_3,C0,43,2,True,False,False,0,False,False
trellm-v0.3-iclr-protocol,sha256:d99ec8a37c982a7d0a956492b226e89ef5a27a21b1917767eb0bf15159b2b8d8,deepseek,deepseek-v4-pro,api-pinned-2026-07-02,synthetic_jump_tail_c0_v0_3,C0,41,1,True,True,True,-1,False,True
trellm-v0.3-iclr-protocol,sha256:d9adf0841153510b67820c38f48c348402acb1dc87748b9ef777429cc38e336c,glm,glm-5.2,api-pinned-2026-07-06,synthetic_calm_trend_c0_v0_3,C0,11,2,True,False,False,0,False,False
trellm-v0.3-iclr-protocol,sha256:da2130075c0f6d5048d914b1a433ffc31b47625ea4f0697a1162c747e5d6b989,glm,glm-5,api-pinned-2026-07-02,synthetic_jump_tail_c0_v0_3,C0,37,1,True,False,False,0,False,False
trellm-v0.3-iclr-protocol,sha256:da7306756c4ca3520aea5cacaf62124a8496d86781ba2099fd0bd99232e2debd,deepseek,deepseek-v4-flash,api-pinned-2026-07-02,synthetic_calm_trend_c0_v0_3,C0,11,1,True,False,False,0,False,False
trellm-v0.3-iclr-protocol,sha256:daa321d00b2abdfb8ca74246223f297413ddad543cf02c056064188a6ae2ff2c,glm,glm-5,api-pinned-2026-07-02,synthetic_calm_trend_c0_v0_3,C0,37,0,True,False,False,0,False,False
trellm-v0.3-iclr-protocol,sha256:dadd55b70880c5f0af2b2d7293756ff8591915429529c3bdba98918c98760f5b,glm,glm-5.2,api-pinned-2026-07-06,synthetic_jump_tail_c0_v0_3,C0,11,0,True,False,False,0,False,False
trellm-v0.3-iclr-protocol,sha256:db354f939118e4c5aa5424aa1a6e00a3ff3002215b0fa093ad213e13a280d595,glm,glm-5-turbo,api-pinned-2026-07-06,synthetic_high_volatility_c0_v0_3,C0,37,2,True,True,True,1,False,False
trellm-v0.3-iclr-protocol,sha256:dbc38816cb32134e1f0e754d5b1537ad258eac2ebb6d14f3dc2f25d91c1ea6c7,glm,glm-5,api-pinned-2026-07-02,synthetic_high_volatility_c0_v0_3,C0,11,1,True,False,False,0,False,False
trellm-v0.3-iclr-protocol,sha256:dc7e32865d7808262bc3cf47bb844a1798496d39f8c716b2f3b6e123c41b8955,glm,glm-5-turbo,api-pinned-2026-07-06,synthetic_calm_trend_c0_v0_3,C0,53,1,True,False,False,0,False,False
trellm-v0.3-iclr-protocol,sha256:dc9e3c0cbfe0af8224a18a11aa369d907cd625b3a2a61ef785571d7ea7bd9af0,glm,glm-5.2,api-pinned-2026-07-06,synthetic_high_volatility_c0_v0_3,C0,31,0,True,False,True,1,False,False
trellm-v0.3-iclr-protocol,sha256:dcb42c8065cee96c91d7bd59d7de408e9c03642654b3375aef95467e3d43d0df,glm,glm-5,api-pinned-2026-07-02,synthetic_high_volatility_c0_v0_3,C0,31,2,True,False,False,0,False,False
trellm-v0.3-iclr-protocol,sha256:ddab94ac2d3ab9843c0e0b3e9392f2f4a0fe40a509a6055b2f171aaf29604991,deepseek,deepseek-v4-flash,api-pinned-2026-07-02,synthetic_calm_trend_c0_v0_3,C0,43,1,True,False,False,0,False,False
trellm-v0.3-iclr-protocol,sha256:ddc2fc470652532b59c614b560795864a3a656fb13671907d8e6de3443bfc5ea,deepseek,deepseek-v4-flash,api-pinned-2026-07-02,synthetic_calm_trend_c0_v0_3,C0,7,0,True,False,False,0,False,False
trellm-v0.3-iclr-protocol,sha256:de023303ecd7ab6c535843e411c92af05b3c5ca2ce9340ceb2c8e464605a28e2,glm,glm-5,api-pinned-2026-07-02,synthetic_jump_tail_c0_v0_3,C0,53,1,True,False,False,0,False,False
trellm-v0.3-iclr-protocol,sha256:de8094c87dffbdd73f62241b85690f5e38d32b4f133be94d4085e6cc52472752,glm,glm-5-turbo,api-pinned-2026-07-06,synthetic_calm_trend_c0_v0_3,C0,17,1,True,True,True,1,False,False
trellm-v0.3-iclr-protocol,sha256:dfa615c110ce0a7b5eb48129863df2070644b39617bcd4366eeb7e79d697ebf3,glm,glm-5.2,api-pinned-2026-07-06,synthetic_high_volatility_c0_v0_3,C0,31,2,True,False,False,0,False,False
trellm-v0.3-iclr-protocol,sha256:e0051738480cfdfe0ad8ed586d7a988a3b1f4b9121e77e1f8543c6523555bc2d,glm,glm-5,api-pinned-2026-07-02,synthetic_high_volatility_c0_v0_3,C0,17,2,True,False,False,0,False,False
trellm-v0.3-iclr-protocol,sha256:e032705d12b1688387b3f3c9c42b313603d8b24b8e7d710cc30982deb8bad17c,glm,glm-5,api-pinned-2026-07-02,synthetic_high_volatility_c0_v0_3,C0,37,1,True,False,False,0,False,False
trellm-v0.3-iclr-protocol,sha256:e22b61a0d1bf9233bb93058148f6f9c8f4eb334a024513efaab4249c729dfd80,glm,glm-5-turbo,api-pinned-2026-07-06,synthetic_jump_tail_c0_v0_3,C0,23,2,True,False,False,0,False,False
trellm-v0.3-iclr-protocol,sha256:e34ab7911791119373b1d0f409a0431a68f4d3e68ea206f4dbbf07416303c456,glm,glm-5.2,api-pinned-2026-07-06,synthetic_jump_tail_c0_v0_3,C0,31,1,True,False,True,1,False,False
trellm-v0.3-iclr-protocol,sha256:e3ff830b925bcf847554e89fd57c536eaddad82edec507e66266de1413094458,glm,glm-5,api-pinned-2026-07-02,synthetic_jump_tail_c0_v0_3,C0,41,2,True,False,False,0,False,False
trellm-v0.3-iclr-protocol,sha256:e4bafc032d60b6fa8c7741a2268c13ca902dcfee980cad31a80c0a8d420560a6,glm,glm-5,api-pinned-2026-07-02,synthetic_calm_trend_c0_v0_3,C0,53,2,True,False,False,0,False,False
trellm-v0.3-iclr-protocol,sha256:e4cdeff8259fa1019e860ea92c75cc1e419825e6f8d3db2eb5b083366d4966f5,glm,glm-5.2,api-pinned-2026-07-06,synthetic_high_volatility_c0_v0_3,C0,23,0,True,False,False,0,False,False
trellm-v0.3-iclr-protocol,sha256:e4d1bd49b941c0ee28cf4fac78488ee45829487784d7bb7137fc266a5a30b93a,glm,glm-5,api-pinned-2026-07-02,synthetic_calm_trend_c0_v0_3,C0,41,1,True,True,True,1,False,False
trellm-v0.3-iclr-protocol,sha256:e50fed09affb2513e2171e67bdf48957204d38f09f50d4bd1409294837c3e46c,deepseek,deepseek-v4-pro,api-pinned-2026-07-02,synthetic_high_volatility_c0_v0_3,C0,37,1,True,False,True,-1,False,True
trellm-v0.3-iclr-protocol,sha256:e5668d53b95b23219ac33b439e1a546aefced33c8bff9f56642de9a045784e2a,glm,glm-5.2,api-pinned-2026-07-06,synthetic_high_volatility_c0_v0_3,C0,31,1,True,False,False,0,False,False
trellm-v0.3-iclr-protocol,sha256:e61619b2983c2da614c6071ad734b5aeb04524d6ea23d319f6fc8e90eb293124,glm,glm-5,api-pinned-2026-07-02,synthetic_high_volatility_c0_v0_3,C0,47,2,True,False,False,0,False,False
trellm-v0.3-iclr-protocol,sha256:e660ad71e9012333369f86b2d8a1fa2e87f205f884bf8bee4d925d6c3b322f2e,glm,glm-5-turbo,api-pinned-2026-07-06,synthetic_jump_tail_c0_v0_3,C0,37,1,True,True,True,1,False,False
trellm-v0.3-iclr-protocol,sha256:e7cb66534ec87809eeea9ebc48947da2987e13fe86a6ee012413ef0af2356016,glm,glm-5.2,api-pinned-2026-07-06,synthetic_calm_trend_c0_v0_3,C0,41,2,True,False,False,0,False,False
trellm-v0.3-iclr-protocol,sha256:e80e76868622caf4712609c54bf0b4b334ada312a8d35d025bd61c784acecd06,deepseek,deepseek-v4-pro,api-pinned-2026-07-02,synthetic_high_volatility_c0_v0_3,C0,17,0,True,True,True,-1,False,True
trellm-v0.3-iclr-protocol,sha256:e914064fec91e6f9977787e9aa665f1e09bbfd22382914dde6d679dce4f8a2c9,glm,glm-5.2,api-pinned-2026-07-06,synthetic_high_volatility_c0_v0_3,C0,7,0,True,False,False,0,False,False
trellm-v0.3-iclr-protocol,sha256:eba6cd3bb81830c6138cc3db87e4a0f2c0ecafa8c79a5712dbb5082433f8a3c2,glm,glm-5,api-pinned-2026-07-02,synthetic_calm_trend_c0_v0_3,C0,41,0,True,False,False,0,False,False
trellm-v0.3-iclr-protocol,sha256:ec8b117face16aa30b5ae6936c1aaf102e319a49075ade1f8d21cf85a036918a,glm,glm-5-turbo,api-pinned-2026-07-06,synthetic_calm_trend_c0_v0_3,C0,31,2,True,False,False,0,False,False
trellm-v0.3-iclr-protocol,sha256:ec90f9e44130639e4452da6b660f06f845d24c61534924d48d4c698fa117120e,glm,glm-5-turbo,api-pinned-2026-07-06,synthetic_calm_trend_c0_v0_3,C0,37,2,True,False,False,0,False,False
trellm-v0.3-iclr-protocol,sha256:ecf01e981d895b765fe2546c7efcd160c779a6e3451ce758dc03e51d7e51e259,glm,glm-5.2,api-pinned-2026-07-06,synthetic_calm_trend_c0_v0_3,C0,53,2,True,False,False,0,False,False
trellm-v0.3-iclr-protocol,sha256:edf7685c699fae143471a722f187387f6d624ad78fa493d5586c6ce52ab89d2b,glm,glm-5.2,api-pinned-2026-07-06,synthetic_calm_trend_c0_v0_3,C0,31,2,True,False,False,0,False,False
trellm-v0.3-iclr-protocol,sha256:ee93ace0fda35b5c60c49e51c428cff16776c34c19bafb2518d20dbfad6acead,glm,glm-5-turbo,api-pinned-2026-07-06,synthetic_calm_trend_c0_v0_3,C0,47,2,True,True,True,6,False,False
trellm-v0.3-iclr-protocol,sha256:f00022b5ad70b7c8d065bdf33676fddaad1e8000d41fb0782544a00dabc81920,glm,glm-5,api-pinned-2026-07-02,synthetic_calm_trend_c0_v0_3,C0,53,0,True,False,False,0,False,False
trellm-v0.3-iclr-protocol,sha256:f030e5828cffd2fa0dc2144b62c99c7caea76174dd262c48ddd47615a8950a6b,deepseek,deepseek-v4-pro,api-pinned-2026-07-02,synthetic_high_volatility_c0_v0_3,C0,23,1,True,True,True,-1,False,True
trellm-v0.3-iclr-protocol,sha256:f06ef9d542380f3e8425ff4945ae992c79acda41498c34eaa5a7d38738cd83ea,deepseek,deepseek-v4-flash,api-pinned-2026-07-02,synthetic_high_volatility_c0_v0_3,C0,41,2,True,True,True,1,False,False
trellm-v0.3-iclr-protocol,sha256:f1a64acb344cd22462be6a15487e0cc5f7c54e9da95039c47579a0d128545ab4,glm,glm-5-turbo,api-pinned-2026-07-06,synthetic_calm_trend_c0_v0_3,C0,53,2,True,False,False,0,False,False
trellm-v0.3-iclr-protocol,sha256:f1e03495672bd26540f9387839f49f5432ccb2d62cd19c90a0f5a28e6d0e8c2b,glm,glm-5.2,api-pinned-2026-07-06,synthetic_jump_tail_c0_v0_3,C0,43,0,True,False,False,0,False,False
trellm-v0.3-iclr-protocol,sha256:f235cb47d2427c42ebce64d5bac2777486377652ecdf06da853bce79f708841f,glm,glm-5-turbo,api-pinned-2026-07-06,synthetic_high_volatility_c0_v0_3,C0,17,1,True,False,False,0,False,False
trellm-v0.3-iclr-protocol,sha256:f26d93113878f26e1133c0120220673825a192e7d3a14afd5a66ec9c53d272b4,deepseek,deepseek-v4-flash,api-pinned-2026-07-02,synthetic_high_volatility_c0_v0_3,C0,53,1,True,True,True,1,False,False
trellm-v0.3-iclr-protocol,sha256:f349bb92dbfe1bbedbeb888e6caebd7989ac10a536d0a95d24d70fa3d087f275,deepseek,deepseek-v4-pro,api-pinned-2026-07-02,synthetic_jump_tail_c0_v0_3,C0,41,2,True,True,True,-1,False,True
trellm-v0.3-iclr-protocol,sha256:f34da62b3d2b5131a58e1fd2f1a444f805c98f126a0facb30cbac346368df564,glm,glm-5.2,api-pinned-2026-07-06,synthetic_jump_tail_c0_v0_3,C0,47,0,True,False,False,0,False,False
trellm-v0.3-iclr-protocol,sha256:f3c58a5de129209b03079e70d976200e9e2e13e55b64c611c037bb838b21cd24,glm,glm-5-turbo,api-pinned-2026-07-06,synthetic_calm_trend_c0_v0_3,C0,47,0,True,True,True,5,False,False
trellm-v0.3-iclr-protocol,sha256:f3ca04f2dc04f3c657a577386e071aa1c83de065f48bf8315628453191be184f,glm,glm-5,api-pinned-2026-07-02,synthetic_high_volatility_c0_v0_3,C0,41,0,True,False,False,0,False,False
trellm-v0.3-iclr-protocol,sha256:f48a21c6cdd3edc685d66e60c9295846c66ad0b8a844bbeea2302557107e12f2,deepseek,deepseek-v4-pro,api-pinned-2026-07-02,synthetic_high_volatility_c0_v0_3,C0,41,0,True,True,True,-1,False,True
trellm-v0.3-iclr-protocol,sha256:f6353ad82b56c7bdfcb3a4470bb29b95a82bf7c3c6fe83780829fe2c08ed0e8e,glm,glm-5.2,api-pinned-2026-07-06,synthetic_jump_tail_c0_v0_3,C0,53,0,True,False,False,0,False,False
trellm-v0.3-iclr-protocol,sha256:f72c1451c2a1818b1469b58bcb7c3a10c0d7a3b99bee680329e31807a6036cb5,deepseek,deepseek-v4-pro,api-pinned-2026-07-02,synthetic_high_volatility_c0_v0_3,C0,43,2,True,True,True,-1,False,True
trellm-v0.3-iclr-protocol,sha256:f748aa2596ced8b285d3345ce354faa58f27735200fd34c27dd4f7d298e79d96,deepseek,deepseek-v4-pro,api-pinned-2026-07-02,synthetic_high_volatility_c0_v0_3,C0,41,2,True,True,True,-1,False,True
trellm-v0.3-iclr-protocol,sha256:f80b70af5989588aba464fc538fe223d39a33b5cf11b4a607264e9b65b1a2ad4,deepseek,deepseek-v4-pro,api-pinned-2026-07-02,synthetic_high_volatility_c0_v0_3,C0,31,2,True,True,True,-1,False,True
trellm-v0.3-iclr-protocol,sha256:f8140b7f9d8e6c2ee5d46049d183e34d4b82e68f6d104a8270f3df7628bf8343,glm,glm-5.2,api-pinned-2026-07-06,synthetic_high_volatility_c0_v0_3,C0,23,1,True,False,False,0,False,False
trellm-v0.3-iclr-protocol,sha256:f84048dcf3dd456e3e57d9b9c909cf02b7c1bff73f11a44c59b81feace25e5c5,glm,glm-5-turbo,api-pinned-2026-07-06,synthetic_high_volatility_c0_v0_3,C0,41,0,True,False,False,0,False,False
trellm-v0.3-iclr-protocol,sha256:f84cb8e49db64b7a38d05e5df5f4cb8bd5183e7c8f0b227b01cdfa8d98359b39,glm,glm-5,api-pinned-2026-07-02,synthetic_high_volatility_c0_v0_3,C0,43,1,True,False,False,0,False,False
trellm-v0.3-iclr-protocol,sha256:f86d09711b7c0de2c36209a7b35b83e94dba78ef683eb47385c6114ad6bb1816,glm,glm-5,api-pinned-2026-07-02,synthetic_high_volatility_c0_v0_3,C0,53,2,True,False,False,0,False,False
trellm-v0.3-iclr-protocol,sha256:f949f71bad2fc8dcecb477899e322edd7a7cb7c057c0209a08a00da0bc7ddd4f,glm,glm-5.2,api-pinned-2026-07-06,synthetic_high_volatility_c0_v0_3,C0,7,2,True,True,True,1,False,False
trellm-v0.3-iclr-protocol,sha256:f9ecaeeba8e2a07646c1fd97e7ef277aed19e926de1fabe9e1f3986e50689a00,glm,glm-5.2,api-pinned-2026-07-06,synthetic_high_volatility_c0_v0_3,C0,47,1,True,False,False,0,False,False
trellm-v0.3-iclr-protocol,sha256:fa8c9ea931600690e01016ef9117531f859fcb4482aad764d6de95658f7103cc,glm,glm-5.2,api-pinned-2026-07-06,synthetic_jump_tail_c0_v0_3,C0,7,2,True,False,False,0,False,False
trellm-v0.3-iclr-protocol,sha256:fab74ad375dc716b94ba1cd9ac98ddb1022a26416bdfd09ba083042b74480de1,deepseek,deepseek-v4-pro,api-pinned-2026-07-02,synthetic_high_volatility_c0_v0_3,C0,7,2,True,True,True,-1,False,True
trellm-v0.3-iclr-protocol,sha256:fabde7b04a99a6880f73cd4386bf096e1bf183c916ecc04854c76faaff3e009d,glm,glm-5,api-pinned-2026-07-02,synthetic_high_volatility_c0_v0_3,C0,7,2,True,True,True,1,False,False
trellm-v0.3-iclr-protocol,sha256:fc59861aef2b491b42a007c07b3dd94c716fc70fec8807f72f9fb9d0ee4a0cd1,glm,glm-5-turbo,api-pinned-2026-07-06,synthetic_jump_tail_c0_v0_3,C0,41,2,True,False,False,0,False,False
trellm-v0.3-iclr-protocol,sha256:fcfa98ddc133a61059a33b4724cc68ca8513f8d8cc334f0256edc38b5d591275,glm,glm-5,api-pinned-2026-07-02,synthetic_calm_trend_c0_v0_3,C0,31,0,True,False,False,0,False,False
trellm-v0.3-iclr-protocol,sha256:fd28cbb0da98670ba9dd348b268401986bd382c11d8d97774364b505835e0984,glm,glm-5,api-pinned-2026-07-02,synthetic_calm_trend_c0_v0_3,C0,37,2,True,False,False,0,False,False
trellm-v0.3-iclr-protocol,sha256:fd31f39e417d8a1d90c6b52461ed856080a61f231f4a45e932828a0dafa386ea,deepseek,deepseek-v4-flash,api-pinned-2026-07-02,synthetic_high_volatility_c0_v0_3,C0,31,2,True,False,False,0,False,False
trellm-v0.3-iclr-protocol,sha256:fd79becff2bc1c6d5c30d57b43f0ed9896fc02e0b2e80523271c5f8be868254d,glm,glm-5.2,api-pinned-2026-07-06,synthetic_high_volatility_c0_v0_3,C0,43,2,True,False,False,0,False,False
trellm-v0.3-iclr-protocol,sha256:fde88cef241fd8542219cfff343abadac26e8cb0897c3c8c907bc02454d5ddf2,deepseek,deepseek-v4-flash,api-pinned-2026-07-02,synthetic_calm_trend_c0_v0_3,C0,23,0,True,False,False,0,False,False
trellm-v0.3-iclr-protocol,sha256:fe23017925df9551b88ccec020e8d240bfd3cb969d20081218335f8ba507aba0,glm,glm-5-turbo,api-pinned-2026-07-06,synthetic_calm_trend_c0_v0_3,C0,11,1,True,False,False,0,False,False
trellm-v0.3-iclr-protocol,sha256:fe439c3307ebb163318b9d537c28ad3dfc674c74f74e1565f60d99652d2d9e0c,deepseek,deepseek-v4-pro,api-pinned-2026-07-02,synthetic_jump_tail_c0_v0_3,C0,53,1,True,True,True,-1,False,True
trellm-v0.3-iclr-protocol,sha256:fef6ebbdde05eb88026201288fa6924d03479a3327f0ae0fad6e7391e1c71e3b,deepseek,deepseek-v4-pro,api-pinned-2026-07-02,synthetic_high_volatility_c0_v0_3,C0,31,1,True,True,True,-1,False,True
trellm-v0.3-iclr-protocol,sha256:ffe923ffd2d405008e812716b34d65c9078370f33f0a03a8f8515f90aefb582c,glm,glm-5,api-pinned-2026-07-02,synthetic_jump_tail_c0_v0_3,C0,41,1,True,True,True,1,False,False
trellm-v0.3-iclr-protocol,sha256:fff4a54f36a7dc4735f1e36ee55587fa90cb32b5d0ad329a05db67338f6d9fda,glm,glm-5.2,api-pinned-2026-07-06,synthetic_jump_tail_c0_v0_3,C0,37,1,True,True,True,1,False,False
